municipality_code,municipality,date,population_density,population,area_m2
08111000GEMI,"Stuttgart, Landeshauptstadt",2022-12-31,2952,612041,207332201
08111000GEMI,"Stuttgart, Landeshauptstadt",2023-12-31,2957,613111,207332184
08111000GEMI,"Stuttgart, Landeshauptstadt",2024-12-31,2955,612663,207332247
08115001GEMI,Aidlingen,2022-12-31,346,9201,26559282
08115001GEMI,Aidlingen,2023-12-31,350,9288,26559287
08115001GEMI,Aidlingen,2024-12-31,350,9302,26559293
08115002GEMI,Altdorf,2022-12-31,259,4525,17453348
08115002GEMI,Altdorf,2023-12-31,258,4495,17453365
08115002GEMI,Altdorf,2024-12-31,259,4529,17453367
08115003GEMI,"Böblingen, Stadt",2022-12-31,1301,50785,39040198
08115003GEMI,"Böblingen, Stadt",2023-12-31,1317,51405,39040197
08115003GEMI,"Böblingen, Stadt",2024-12-31,1319,51483,39041192
08115004GEMI,Bondorf,2022-12-31,352,6182,17542276
08115004GEMI,Bondorf,2023-12-31,355,6236,17542275
08115004GEMI,Bondorf,2024-12-31,355,6230,17542278
08115010GEMI,Deckenpfronn,2022-12-31,286,3260,11411587
08115010GEMI,Deckenpfronn,2023-12-31,289,3299,11411576
08115010GEMI,Deckenpfronn,2024-12-31,287,3274,11411573
08115013GEMI,Ehningen,2022-12-31,512,9111,17806261
08115013GEMI,Ehningen,2023-12-31,517,9198,17806262
08115013GEMI,Ehningen,2024-12-31,521,9277,17806257
08115015GEMI,Gärtringen,2022-12-31,637,12878,20205232
08115015GEMI,Gärtringen,2023-12-31,644,13015,20205230
08115015GEMI,Gärtringen,2024-12-31,640,12934,20205516
08115016GEMI,Gäufelden,2022-12-31,447,8978,20071311
08115016GEMI,Gäufelden,2023-12-31,449,9020,20071313
08115016GEMI,Gäufelden,2024-12-31,457,9181,20071311
08115021GEMI,"Herrenberg, Stadt",2022-12-31,515,33812,65697088
08115021GEMI,"Herrenberg, Stadt",2023-12-31,519,34125,65697088
08115021GEMI,"Herrenberg, Stadt",2024-12-31,520,34192,65697100
08115022GEMI,Hildrizhausen,2022-12-31,289,3520,12161278
08115022GEMI,Hildrizhausen,2023-12-31,292,3557,12161263
08115022GEMI,Hildrizhausen,2024-12-31,294,3581,12160978
08115024GEMI,"Holzgerlingen, Stadt",2022-12-31,1037,13879,13385308
08115024GEMI,"Holzgerlingen, Stadt",2023-12-31,1044,13975,13385306
08115024GEMI,"Holzgerlingen, Stadt",2024-12-31,1060,14184,13385308
08115028GEMI,"Leonberg, Stadt",2022-12-31,1000,48707,48728404
08115028GEMI,"Leonberg, Stadt",2023-12-31,1006,49043,48728421
08115028GEMI,"Leonberg, Stadt",2024-12-31,1015,49480,48728422
08115029GEMI,Magstadt,2022-12-31,500,9554,19123512
08115029GEMI,Magstadt,2023-12-31,501,9574,19123515
08115029GEMI,Magstadt,2024-12-31,497,9513,19123521
08115034GEMI,Mötzingen,2022-12-31,458,3731,8145458
08115034GEMI,Mötzingen,2023-12-31,460,3744,8145442
08115034GEMI,Mötzingen,2024-12-31,457,3719,8145442
08115037GEMI,Nufringen,2022-12-31,571,5731,10038713
08115037GEMI,Nufringen,2023-12-31,578,5802,10038713
08115037GEMI,Nufringen,2024-12-31,578,5806,10038715
08115041GEMI,"Renningen, Stadt",2022-12-31,595,18529,31148617
08115041GEMI,"Renningen, Stadt",2023-12-31,597,18603,31147969
08115041GEMI,"Renningen, Stadt",2024-12-31,596,18567,31147970
08115042GEMI,"Rutesheim, Stadt",2022-12-31,687,11145,16215278
08115042GEMI,"Rutesheim, Stadt",2023-12-31,696,11285,16215280
08115042GEMI,"Rutesheim, Stadt",2024-12-31,694,11258,16215281
08115044GEMI,Schönaich,2022-12-31,732,10349,14146516
08115044GEMI,Schönaich,2023-12-31,740,10469,14146517
08115044GEMI,Schönaich,2024-12-31,742,10495,14146517
08115045GEMI,"Sindelfingen, Stadt",2022-12-31,1195,60736,50828068
08115045GEMI,"Sindelfingen, Stadt",2023-12-31,1206,61296,50828050
08115045GEMI,"Sindelfingen, Stadt",2024-12-31,1208,61422,50827712
08115046GEMI,Steinenbronn,2022-12-31,667,6481,9722211
08115046GEMI,Steinenbronn,2023-12-31,659,6411,9722211
08115046GEMI,Steinenbronn,2024-12-31,651,6332,9722213
08115048GEMI,"Waldenbuch, Stadt",2022-12-31,381,8658,22701220
08115048GEMI,"Waldenbuch, Stadt",2023-12-31,383,8684,22701218
08115048GEMI,"Waldenbuch, Stadt",2024-12-31,385,8750,22701220
08115050GEMI,"Weil der Stadt, Stadt",2022-12-31,452,19518,43173686
08115050GEMI,"Weil der Stadt, Stadt",2023-12-31,451,19463,43173691
08115050GEMI,"Weil der Stadt, Stadt",2024-12-31,448,19353,43173682
08115051GEMI,Weil im Schönbuch,2022-12-31,374,9759,26119257
08115051GEMI,Weil im Schönbuch,2023-12-31,381,9962,26119260
08115051GEMI,Weil im Schönbuch,2024-12-31,382,9970,26119258
08115052GEMI,Weissach,2022-12-31,342,7588,22188932
08115052GEMI,Weissach,2023-12-31,345,7658,22188931
08115052GEMI,Weissach,2024-12-31,349,7745,22188935
08115053GEMI,Jettingen,2022-12-31,384,8102,21108454
08115053GEMI,Jettingen,2023-12-31,383,8095,21108453
08115053GEMI,Jettingen,2024-12-31,380,8012,21108455
08115054GEMI,Grafenau,2022-12-31,510,6649,13043840
08115054GEMI,Grafenau,2023-12-31,503,6559,13043878
08115054GEMI,Grafenau,2024-12-31,504,6578,13043881
08116004GEMI,Altbach,2022-12-31,1814,6067,3344138
08116004GEMI,Altbach,2023-12-31,1812,6061,3344136
08116004GEMI,Altbach,2024-12-31,1808,6047,3344137
08116005GEMI,Altdorf,2022-12-31,526,1708,3244505
08116005GEMI,Altdorf,2023-12-31,519,1685,3244505
08116005GEMI,Altdorf,2024-12-31,528,1713,3244514
08116006GEMI,Altenriet,2022-12-31,582,1951,3351760
08116006GEMI,Altenriet,2023-12-31,583,1955,3351758
08116006GEMI,Altenriet,2024-12-31,579,1942,3351759
08116007GEMI,Baltmannsweiler,2022-12-31,299,5540,18545532
08116007GEMI,Baltmannsweiler,2023-12-31,299,5541,18545534
08116007GEMI,Baltmannsweiler,2024-12-31,298,5525,18545531
08116008GEMI,Bempflingen,2022-12-31,536,3360,6272964
08116008GEMI,Bempflingen,2023-12-31,531,3332,6272996
08116008GEMI,Bempflingen,2024-12-31,526,3301,6272998
08116011GEMI,Beuren,2022-12-31,311,3630,11690599
08116011GEMI,Beuren,2023-12-31,308,3602,11690559
08116011GEMI,Beuren,2024-12-31,307,3591,11690560
08116012GEMI,Bissingen an der Teck,2022-12-31,200,3410,17057937
08116012GEMI,Bissingen an der Teck,2023-12-31,198,3377,17057939
08116012GEMI,Bissingen an der Teck,2024-12-31,200,3406,17057808
08116014GEMI,Deizisau,2022-12-31,1294,6692,5169934
08116014GEMI,Deizisau,2023-12-31,1298,6709,5169932
08116014GEMI,Deizisau,2024-12-31,1297,6707,5169931
08116015GEMI,Denkendorf,2022-12-31,852,11115,13051470
08116015GEMI,Denkendorf,2023-12-31,853,11133,13052681
08116015GEMI,Denkendorf,2024-12-31,850,11092,13052683
08116016GEMI,Dettingen unter Teck,2022-12-31,406,6151,15133792
08116016GEMI,Dettingen unter Teck,2023-12-31,406,6147,15136706
08116016GEMI,Dettingen unter Teck,2024-12-31,406,6138,15136704
08116018GEMI,Erkenbrechtsweiler,2022-12-31,298,2063,6926977
08116018GEMI,Erkenbrechtsweiler,2023-12-31,296,2049,6926977
08116018GEMI,Erkenbrechtsweiler,2024-12-31,288,1992,6926976
08116019GEMI,"Esslingen am Neckar, Stadt",2022-12-31,2057,95512,46426345
08116019GEMI,"Esslingen am Neckar, Stadt",2023-12-31,2078,96470,46426346
08116019GEMI,"Esslingen am Neckar, Stadt",2024-12-31,2072,96182,46426368
08116020GEMI,Frickenhausen,2022-12-31,808,9171,11344780
08116020GEMI,Frickenhausen,2023-12-31,811,9198,11344735
08116020GEMI,Frickenhausen,2024-12-31,811,9201,11344732
08116022GEMI,Großbettlingen,2022-12-31,992,4197,4231168
08116022GEMI,Großbettlingen,2023-12-31,992,4197,4231169
08116022GEMI,Großbettlingen,2024-12-31,999,4225,4231170
08116027GEMI,Hochdorf,2022-12-31,608,4709,7751397
08116027GEMI,Hochdorf,2023-12-31,627,4863,7751395
08116027GEMI,Hochdorf,2024-12-31,616,4773,7751398
08116029GEMI,Holzmaden,2022-12-31,731,2265,3096901
08116029GEMI,Holzmaden,2023-12-31,740,2291,3096902
08116029GEMI,Holzmaden,2024-12-31,737,2284,3097002
08116033GEMI,"Kirchheim unter Teck, Stadt",2022-12-31,1042,42155,40474258
08116033GEMI,"Kirchheim unter Teck, Stadt",2023-12-31,1048,42412,40474258
08116033GEMI,"Kirchheim unter Teck, Stadt",2024-12-31,1045,42299,40474161
08116035GEMI,Köngen,2022-12-31,765,9577,12515435
08116035GEMI,Köngen,2023-12-31,764,9556,12514222
08116035GEMI,Köngen,2024-12-31,776,9716,12514221
08116036GEMI,Kohlberg,2022-12-31,529,2320,4382719
08116036GEMI,Kohlberg,2023-12-31,520,2281,4382720
08116036GEMI,Kohlberg,2024-12-31,520,2277,4382720
08116037GEMI,Lichtenwald,2022-12-31,234,2532,10804664
08116037GEMI,Lichtenwald,2023-12-31,235,2543,10804636
08116037GEMI,Lichtenwald,2024-12-31,237,2564,10804639
08116041GEMI,Neckartailfingen,2022-12-31,463,3815,8233291
08116041GEMI,Neckartailfingen,2023-12-31,463,3814,8233293
08116041GEMI,Neckartailfingen,2024-12-31,467,3841,8233282
08116042GEMI,Neckartenzlingen,2022-12-31,683,6170,9030759
08116042GEMI,Neckartenzlingen,2023-12-31,689,6221,9030238
08116042GEMI,Neckartenzlingen,2024-12-31,689,6223,9030230
08116043GEMI,Neidlingen,2022-12-31,138,1745,12629661
08116043GEMI,Neidlingen,2023-12-31,135,1702,12629660
08116043GEMI,Neidlingen,2024-12-31,135,1707,12629661
08116046GEMI,"Neuffen, Stadt",2022-12-31,349,6090,17430270
08116046GEMI,"Neuffen, Stadt",2023-12-31,354,6164,17430263
08116046GEMI,"Neuffen, Stadt",2024-12-31,350,6104,17430265
08116047GEMI,Neuhausen auf den Fildern,2022-12-31,975,12150,12464074
08116047GEMI,Neuhausen auf den Fildern,2023-12-31,993,12375,12464075
08116047GEMI,Neuhausen auf den Fildern,2024-12-31,1003,12506,12464075
08116048GEMI,Notzingen,2022-12-31,468,3606,7699955
08116048GEMI,Notzingen,2023-12-31,466,3590,7699959
08116048GEMI,Notzingen,2024-12-31,478,3684,7699960
08116049GEMI,"Nürtingen, Stadt",2022-12-31,868,40681,46878664
08116049GEMI,"Nürtingen, Stadt",2023-12-31,870,40765,46875752
08116049GEMI,"Nürtingen, Stadt",2024-12-31,870,40773,46875764
08116050GEMI,Oberboihingen,2022-12-31,873,5511,6309624
08116050GEMI,Oberboihingen,2023-12-31,890,5616,6309623
08116050GEMI,Oberboihingen,2024-12-31,895,5644,6309623
08116053GEMI,Ohmden,2022-12-31,312,1732,5552679
08116053GEMI,Ohmden,2023-12-31,317,1760,5552678
08116053GEMI,Ohmden,2024-12-31,313,1739,5552679
08116054GEMI,"Owen, Stadt",2022-12-31,351,3408,9696749
08116054GEMI,"Owen, Stadt",2023-12-31,354,3436,9696836
08116054GEMI,"Owen, Stadt",2024-12-31,352,3417,9696840
08116056GEMI,"Plochingen, Stadt",2022-12-31,1341,14265,10635425
08116056GEMI,"Plochingen, Stadt",2023-12-31,1340,14251,10635424
08116056GEMI,"Plochingen, Stadt",2024-12-31,1362,14487,10635427
08116058GEMI,Reichenbach an der Fils,2022-12-31,1081,8030,7430862
08116058GEMI,Reichenbach an der Fils,2023-12-31,1112,8263,7430862
08116058GEMI,Reichenbach an der Fils,2024-12-31,1125,8362,7430862
08116063GEMI,Schlaitdorf,2022-12-31,257,1881,7305246
08116063GEMI,Schlaitdorf,2023-12-31,257,1881,7305245
08116063GEMI,Schlaitdorf,2024-12-31,258,1882,7305246
08116068GEMI,Unterensingen,2022-12-31,653,4931,7556101
08116068GEMI,Unterensingen,2023-12-31,652,4924,7556101
08116068GEMI,Unterensingen,2024-12-31,653,4933,7556100
08116070GEMI,"Weilheim an der Teck, Stadt",2022-12-31,371,9835,26511389
08116070GEMI,"Weilheim an der Teck, Stadt",2023-12-31,374,9922,26511389
08116070GEMI,"Weilheim an der Teck, Stadt",2024-12-31,373,9887,26511527
08116071GEMI,"Wendlingen am Neckar, Stadt",2022-12-31,1315,15974,12149286
08116071GEMI,"Wendlingen am Neckar, Stadt",2023-12-31,1307,15877,12149286
08116071GEMI,"Wendlingen am Neckar, Stadt",2024-12-31,1316,15988,12149287
08116072GEMI,"Wernau (Neckar), Stadt",2022-12-31,1112,12118,10892808
08116072GEMI,"Wernau (Neckar), Stadt",2023-12-31,1125,12259,10892806
08116072GEMI,"Wernau (Neckar), Stadt",2024-12-31,1120,12200,10892810
08116073GEMI,Wolfschlugen,2022-12-31,874,6217,7110027
08116073GEMI,Wolfschlugen,2023-12-31,877,6239,7110028
08116073GEMI,Wolfschlugen,2024-12-31,872,6199,7110030
08116076GEMI,Aichwald,2022-12-31,495,7255,14667148
08116076GEMI,Aichwald,2023-12-31,496,7282,14667146
08116076GEMI,Aichwald,2024-12-31,496,7271,14667148
08116077GEMI,"Filderstadt, Stadt",2022-12-31,1190,45876,38549830
08116077GEMI,"Filderstadt, Stadt",2023-12-31,1194,46010,38549835
08116077GEMI,"Filderstadt, Stadt",2024-12-31,1200,46243,38549840
08116078GEMI,"Leinfelden-Echterdingen, Stadt",2022-12-31,1368,40879,29890039
08116078GEMI,"Leinfelden-Echterdingen, Stadt",2023-12-31,1373,41042,29890041
08116078GEMI,"Leinfelden-Echterdingen, Stadt",2024-12-31,1378,41185,29889391
08116079GEMI,Lenningen,2022-12-31,194,8039,41429797
08116079GEMI,Lenningen,2023-12-31,193,8003,41429796
08116079GEMI,Lenningen,2024-12-31,192,7974,41429793
08116080GEMI,"Ostfildern, Stadt",2022-12-31,1735,39569,22812426
08116080GEMI,"Ostfildern, Stadt",2023-12-31,1736,39612,22812427
08116080GEMI,"Ostfildern, Stadt",2024-12-31,1744,39778,22812430
08116081GEMI,"Aichtal, Stadt",2022-12-31,404,9532,23598644
08116081GEMI,"Aichtal, Stadt",2023-12-31,408,9617,23598646
08116081GEMI,"Aichtal, Stadt",2024-12-31,407,9599,23598648
08117001GEMI,Adelberg,2022-12-31,205,1949,9485430
08117001GEMI,Adelberg,2023-12-31,207,1968,9485430
08117001GEMI,Adelberg,2024-12-31,207,1961,9485431
08117002GEMI,Aichelberg,2022-12-31,327,1312,4013543
08117002GEMI,Aichelberg,2023-12-31,323,1298,4013543
08117002GEMI,Aichelberg,2024-12-31,321,1287,4013541
08117003GEMI,Albershausen,2022-12-31,678,4405,6500652
08117003GEMI,Albershausen,2023-12-31,680,4421,6500651
08117003GEMI,Albershausen,2024-12-31,678,4408,6500650
08117006GEMI,Bad Ditzenbach,2022-12-31,148,3765,25442702
08117006GEMI,Bad Ditzenbach,2023-12-31,151,3846,25442703
08117006GEMI,Bad Ditzenbach,2024-12-31,151,3840,25442702
08117007GEMI,Bad Überkingen,2022-12-31,159,3833,24044297
08117007GEMI,Bad Überkingen,2023-12-31,159,3812,24043843
08117007GEMI,Bad Überkingen,2024-12-31,158,3788,24043846
08117009GEMI,Birenbach,2022-12-31,750,1876,2500068
08117009GEMI,Birenbach,2023-12-31,750,1876,2500068
08117009GEMI,Birenbach,2024-12-31,762,1905,2500069
08117010GEMI,Böhmenkirch,2022-12-31,109,5584,51084931
08117010GEMI,Böhmenkirch,2023-12-31,110,5628,51084932
08117010GEMI,Böhmenkirch,2024-12-31,111,5684,51084929
08117011GEMI,Börtlingen,2022-12-31,208,1718,8257434
08117011GEMI,Börtlingen,2023-12-31,208,1714,8257434
08117011GEMI,Börtlingen,2024-12-31,207,1709,8257435
08117012GEMI,Bad Boll,2022-12-31,471,5163,10952375
08117012GEMI,Bad Boll,2023-12-31,471,5162,10952346
08117012GEMI,Bad Boll,2024-12-31,467,5116,10952349
08117014GEMI,Deggingen,2022-12-31,226,5135,22708542
08117014GEMI,Deggingen,2023-12-31,225,5109,22708541
08117014GEMI,Deggingen,2024-12-31,223,5066,22708542
08117015GEMI,"Donzdorf, Stadt",2022-12-31,264,10519,39821526
08117015GEMI,"Donzdorf, Stadt",2023-12-31,267,10625,39821259
08117015GEMI,"Donzdorf, Stadt",2024-12-31,265,10568,39821260
08117016GEMI,Drackenstein,2022-12-31,83,472,5683286
08117016GEMI,Drackenstein,2023-12-31,79,450,5683285
08117016GEMI,Drackenstein,2024-12-31,78,441,5683287
08117017GEMI,Dürnau,2022-12-31,407,2186,5371970
08117017GEMI,Dürnau,2023-12-31,410,2201,5371972
08117017GEMI,Dürnau,2024-12-31,408,2194,5371971
08117018GEMI,"Ebersbach an der Fils, Stadt",2022-12-31,582,15287,26261017
08117018GEMI,"Ebersbach an der Fils, Stadt",2023-12-31,585,15358,26261015
08117018GEMI,"Ebersbach an der Fils, Stadt",2024-12-31,587,15420,26261021
08117019GEMI,"Eislingen/Fils, Stadt",2022-12-31,1355,22233,16408433
08117019GEMI,"Eislingen/Fils, Stadt",2023-12-31,1365,22401,16408434
08117019GEMI,"Eislingen/Fils, Stadt",2024-12-31,1361,22325,16408436
08117020GEMI,Eschenbach,2022-12-31,444,2131,4796615
08117020GEMI,Eschenbach,2023-12-31,439,2108,4796615
08117020GEMI,Eschenbach,2024-12-31,440,2110,4796614
08117023GEMI,Gammelshausen,2022-12-31,444,1466,3304738
08117023GEMI,Gammelshausen,2023-12-31,452,1495,3304738
08117023GEMI,Gammelshausen,2024-12-31,457,1509,3304738
08117024GEMI,"Geislingen an der Steige, Stadt",2022-12-31,359,27242,75834082
08117024GEMI,"Geislingen an der Steige, Stadt",2023-12-31,368,27872,75834697
08117024GEMI,"Geislingen an der Steige, Stadt",2024-12-31,366,27791,75834688
08117025GEMI,Gingen an der Fils,2022-12-31,443,4444,10023091
08117025GEMI,Gingen an der Fils,2023-12-31,445,4462,10023090
08117025GEMI,Gingen an der Fils,2024-12-31,443,4441,10023089
08117026GEMI,"Göppingen, Stadt",2022-12-31,988,58528,59213080
08117026GEMI,"Göppingen, Stadt",2023-12-31,993,58802,59213052
08117026GEMI,"Göppingen, Stadt",2024-12-31,995,58937,59213142
08117028GEMI,Gruibingen,2022-12-31,97,2240,23051404
08117028GEMI,Gruibingen,2023-12-31,98,2270,23051432
08117028GEMI,Gruibingen,2024-12-31,98,2249,23051435
08117029GEMI,Hattenhofen,2022-12-31,385,2941,7642157
08117029GEMI,Hattenhofen,2023-12-31,385,2940,7642156
08117029GEMI,Hattenhofen,2024-12-31,383,2925,7642158
08117030GEMI,Heiningen,2022-12-31,405,5040,12450887
08117030GEMI,Heiningen,2023-12-31,408,5077,12450887
08117030GEMI,Heiningen,2024-12-31,408,5077,12450889
08117031GEMI,Hohenstadt,2022-12-31,70,818,11635187
08117031GEMI,Hohenstadt,2023-12-31,66,765,11635185
08117031GEMI,Hohenstadt,2024-12-31,63,733,11635189
08117033GEMI,Kuchen,2022-12-31,622,5562,8949277
08117033GEMI,Kuchen,2023-12-31,624,5580,8949276
08117033GEMI,Kuchen,2024-12-31,619,5544,8949277
08117035GEMI,Mühlhausen im Täle,2022-12-31,170,1073,6325500
08117035GEMI,Mühlhausen im Täle,2023-12-31,175,1104,6325500
08117035GEMI,Mühlhausen im Täle,2024-12-31,169,1072,6325502
08117037GEMI,Ottenbach,2022-12-31,202,2401,11902043
08117037GEMI,Ottenbach,2023-12-31,200,2376,11901983
08117037GEMI,Ottenbach,2024-12-31,199,2364,11901279
08117038GEMI,Rechberghausen,2022-12-31,849,5436,6403194
08117038GEMI,Rechberghausen,2023-12-31,853,5464,6403194
08117038GEMI,Rechberghausen,2024-12-31,858,5491,6403196
08117042GEMI,Salach,2022-12-31,958,7961,8311923
08117042GEMI,Salach,2023-12-31,969,8055,8311924
08117042GEMI,Salach,2024-12-31,968,8042,8311925
08117043GEMI,Schlat,2022-12-31,172,1662,9677921
08117043GEMI,Schlat,2023-12-31,171,1655,9677920
08117043GEMI,Schlat,2024-12-31,172,1668,9677918
08117044GEMI,Schlierbach,2022-12-31,352,3864,10967895
08117044GEMI,Schlierbach,2023-12-31,354,3887,10967893
08117044GEMI,Schlierbach,2024-12-31,359,3940,10967893
08117049GEMI,"Süßen, Stadt",2022-12-31,788,10077,12786107
08117049GEMI,"Süßen, Stadt",2023-12-31,798,10200,12786108
08117049GEMI,"Süßen, Stadt",2024-12-31,797,10185,12786108
08117051GEMI,"Uhingen, Stadt",2022-12-31,575,14243,24789201
08117051GEMI,"Uhingen, Stadt",2023-12-31,585,14505,24789198
08117051GEMI,"Uhingen, Stadt",2024-12-31,577,14304,24789196
08117053GEMI,Wäschenbeuren,2022-12-31,302,3909,12949493
08117053GEMI,Wäschenbeuren,2023-12-31,303,3924,12949518
08117053GEMI,Wäschenbeuren,2024-12-31,301,3895,12949519
08117055GEMI,Wangen,2022-12-31,325,3144,9678862
08117055GEMI,Wangen,2023-12-31,330,3193,9678861
08117055GEMI,Wangen,2024-12-31,329,3183,9678861
08117058GEMI,"Wiesensteig, Stadt",2022-12-31,87,2040,23405967
08117058GEMI,"Wiesensteig, Stadt",2023-12-31,85,1983,23405968
08117058GEMI,"Wiesensteig, Stadt",2024-12-31,85,2001,23405963
08117060GEMI,Zell unter Aichelberg,2022-12-31,489,3123,6392343
08117060GEMI,Zell unter Aichelberg,2023-12-31,490,3132,6392342
08117060GEMI,Zell unter Aichelberg,2024-12-31,482,3078,6392343
08117061GEMI,"Lauterstein, Stadt",2022-12-31,107,2487,23312895
08117061GEMI,"Lauterstein, Stadt",2023-12-31,108,2514,23312894
08117061GEMI,"Lauterstein, Stadt",2024-12-31,110,2558,23312889
08118001GEMI,Affalterbach,2022-12-31,426,4325,10149576
08118001GEMI,Affalterbach,2023-12-31,429,4354,10149579
08118001GEMI,Affalterbach,2024-12-31,430,4364,10149579
08118003GEMI,"Asperg, Stadt",2022-12-31,2280,13223,5798372
08118003GEMI,"Asperg, Stadt",2023-12-31,2329,13506,5798373
08118003GEMI,"Asperg, Stadt",2024-12-31,2354,13650,5798401
08118006GEMI,Benningen am Neckar,2022-12-31,1278,6230,4874917
08118006GEMI,Benningen am Neckar,2023-12-31,1297,6321,4874919
08118006GEMI,Benningen am Neckar,2024-12-31,1297,6323,4874934
08118007GEMI,"Besigheim, Stadt",2022-12-31,727,12240,16826537
08118007GEMI,"Besigheim, Stadt",2023-12-31,728,12258,16826584
08118007GEMI,"Besigheim, Stadt",2024-12-31,729,12267,16826582
08118010GEMI,"Bönnigheim, Stadt",2022-12-31,399,8038,20126860
08118010GEMI,"Bönnigheim, Stadt",2023-12-31,403,8106,20126884
08118010GEMI,"Bönnigheim, Stadt",2024-12-31,404,8123,20126897
08118011GEMI,"Ditzingen, Stadt",2022-12-31,745,22639,30383908
08118011GEMI,"Ditzingen, Stadt",2023-12-31,751,22826,30383892
08118011GEMI,"Ditzingen, Stadt",2024-12-31,746,22666,30383897
08118012GEMI,Eberdingen,2022-12-31,258,6759,26195161
08118012GEMI,Eberdingen,2023-12-31,260,6803,26195160
08118012GEMI,Eberdingen,2024-12-31,260,6800,26195160
08118014GEMI,Erdmannhausen,2022-12-31,600,5218,8700494
08118014GEMI,Erdmannhausen,2023-12-31,597,5194,8700495
08118014GEMI,Erdmannhausen,2024-12-31,605,5261,8700495
08118015GEMI,Erligheim,2022-12-31,472,2924,6189647
08118015GEMI,Erligheim,2023-12-31,488,3022,6189642
08118015GEMI,Erligheim,2024-12-31,496,3071,6189721
08118016GEMI,Freudental,2022-12-31,782,2400,3070133
08118016GEMI,Freudental,2023-12-31,803,2466,3070131
08118016GEMI,Freudental,2024-12-31,815,2502,3070134
08118018GEMI,Gemmrigheim,2022-12-31,552,4547,8232868
08118018GEMI,Gemmrigheim,2023-12-31,560,4610,8232872
08118018GEMI,Gemmrigheim,2024-12-31,561,4620,8232871
08118019GEMI,"Gerlingen, Stadt",2022-12-31,1101,18724,17008051
08118019GEMI,"Gerlingen, Stadt",2023-12-31,1097,18651,17008049
08118019GEMI,"Gerlingen, Stadt",2024-12-31,1081,18392,17008053
08118021GEMI,"Großbottwar, Stadt",2022-12-31,309,7890,25513240
08118021GEMI,"Großbottwar, Stadt",2023-12-31,315,8029,25513236
08118021GEMI,"Großbottwar, Stadt",2024-12-31,314,8005,25513241
08118027GEMI,Hemmingen,2022-12-31,638,7869,12341708
08118027GEMI,Hemmingen,2023-12-31,642,7919,12341708
08118027GEMI,Hemmingen,2024-12-31,640,7901,12341709
08118028GEMI,Hessigheim,2022-12-31,496,2495,5028817
08118028GEMI,Hessigheim,2023-12-31,498,2506,5028816
08118028GEMI,Hessigheim,2024-12-31,498,2502,5028818
08118040GEMI,Kirchheim am Neckar,2022-12-31,689,5873,8522733
08118040GEMI,Kirchheim am Neckar,2023-12-31,694,5912,8522739
08118040GEMI,Kirchheim am Neckar,2024-12-31,704,6004,8522744
08118046GEMI,"Kornwestheim, Stadt",2022-12-31,2310,33838,14650280
08118046GEMI,"Kornwestheim, Stadt",2023-12-31,2313,33891,14650275
08118046GEMI,"Kornwestheim, Stadt",2024-12-31,2319,33980,14650279
08118047GEMI,Löchgau,2022-12-31,523,5724,10950088
08118047GEMI,Löchgau,2023-12-31,528,5778,10950100
08118047GEMI,Löchgau,2024-12-31,528,5778,10950016
08118048GEMI,"Ludwigsburg, Stadt",2022-12-31,2129,92276,43342133
08118048GEMI,"Ludwigsburg, Stadt",2023-12-31,2145,92952,43342142
08118048GEMI,"Ludwigsburg, Stadt",2024-12-31,2142,92858,43342116
08118049GEMI,"Marbach am Neckar, Stadt",2022-12-31,858,15495,18059293
08118049GEMI,"Marbach am Neckar, Stadt",2023-12-31,856,15461,18059292
08118049GEMI,"Marbach am Neckar, Stadt",2024-12-31,857,15474,18059294
08118050GEMI,"Markgröningen, Stadt",2022-12-31,503,14157,28170970
08118050GEMI,"Markgröningen, Stadt",2023-12-31,504,14206,28170970
08118050GEMI,"Markgröningen, Stadt",2024-12-31,502,14138,28170970
08118051GEMI,Möglingen,2022-12-31,1068,10623,9945327
08118051GEMI,Möglingen,2023-12-31,1078,10717,9945326
08118051GEMI,Möglingen,2024-12-31,1084,10784,9945325
08118053GEMI,Mundelsheim,2022-12-31,340,3471,10197272
08118053GEMI,Mundelsheim,2023-12-31,345,3514,10197230
08118053GEMI,Mundelsheim,2024-12-31,346,3531,10197237
08118054GEMI,Murr,2022-12-31,847,6603,7794238
08118054GEMI,Murr,2023-12-31,847,6598,7794237
08118054GEMI,Murr,2024-12-31,844,6578,7794237
08118059GEMI,"Oberriexingen, Stadt",2022-12-31,403,3293,8162290
08118059GEMI,"Oberriexingen, Stadt",2023-12-31,402,3285,8162290
08118059GEMI,"Oberriexingen, Stadt",2024-12-31,405,3306,8162292
08118060GEMI,Oberstenfeld,2022-12-31,357,7531,21102138
08118060GEMI,Oberstenfeld,2023-12-31,357,7542,21102136
08118060GEMI,Oberstenfeld,2024-12-31,357,7537,21102140
08118063GEMI,Pleidelsheim,2022-12-31,598,6091,10182021
08118063GEMI,Pleidelsheim,2023-12-31,602,6133,10182021
08118063GEMI,Pleidelsheim,2024-12-31,598,6087,10182019
08118067GEMI,Schwieberdingen,2022-12-31,759,11274,14846443
08118067GEMI,Schwieberdingen,2023-12-31,766,11370,14846543
08118067GEMI,Schwieberdingen,2024-12-31,762,11318,14846546
08118068GEMI,Sersheim,2022-12-31,469,5390,11483063
08118068GEMI,Sersheim,2023-12-31,472,5420,11483063
08118068GEMI,Sersheim,2024-12-31,474,5448,11483062
08118070GEMI,"Steinheim an der Murr, Stadt",2022-12-31,520,12049,23179917
08118070GEMI,"Steinheim an der Murr, Stadt",2023-12-31,514,11904,23179917
08118070GEMI,"Steinheim an der Murr, Stadt",2024-12-31,514,11908,23179918
08118071GEMI,"Tamm, Stadt",2022-12-31,1389,12201,8780991
08118071GEMI,"Tamm, Stadt",2023-12-31,1398,12274,8780992
08118071GEMI,"Tamm, Stadt",2024-12-31,1401,12305,8780970
08118073GEMI,"Vaihingen an der Enz, Stadt",2022-12-31,391,28681,73403570
08118073GEMI,"Vaihingen an der Enz, Stadt",2023-12-31,392,28772,73403570
08118073GEMI,"Vaihingen an der Enz, Stadt",2024-12-31,392,28798,73403590
08118074GEMI,Walheim,2022-12-31,538,3299,6135022
08118074GEMI,Walheim,2023-12-31,532,3261,6135000
08118074GEMI,Walheim,2024-12-31,541,3316,6134998
08118076GEMI,"Sachsenheim, Stadt",2022-12-31,320,18554,57917462
08118076GEMI,"Sachsenheim, Stadt",2023-12-31,320,18539,57917456
08118076GEMI,"Sachsenheim, Stadt",2024-12-31,322,18638,57917482
08118077GEMI,Ingersheim,2022-12-31,539,6230,11550149
08118077GEMI,Ingersheim,2023-12-31,539,6222,11550150
08118077GEMI,Ingersheim,2024-12-31,539,6223,11550148
08118078GEMI,"Freiberg am Neckar, Stadt",2022-12-31,1182,15523,13137217
08118078GEMI,"Freiberg am Neckar, Stadt",2023-12-31,1183,15535,13137215
08118078GEMI,"Freiberg am Neckar, Stadt",2024-12-31,1181,15520,13137238
08118079GEMI,"Bietigheim-Bissingen, Stadt",2022-12-31,1393,43597,31289432
08118079GEMI,"Bietigheim-Bissingen, Stadt",2023-12-31,1395,43651,31289426
08118079GEMI,"Bietigheim-Bissingen, Stadt",2024-12-31,1392,43556,31289394
08118080GEMI,"Korntal-Münchingen, Stadt",2022-12-31,900,18641,20709604
08118080GEMI,"Korntal-Münchingen, Stadt",2023-12-31,921,19078,20709638
08118080GEMI,"Korntal-Münchingen, Stadt",2024-12-31,949,19654,20709569
08118081GEMI,"Remseck am Neckar, Stadt",2022-12-31,1147,26174,22819440
08118081GEMI,"Remseck am Neckar, Stadt",2023-12-31,1149,26222,22819078
08118081GEMI,"Remseck am Neckar, Stadt",2024-12-31,1148,26188,22819081
08119001GEMI,Alfdorf,2022-12-31,107,7308,68515885
08119001GEMI,Alfdorf,2023-12-31,106,7243,68515885
08119001GEMI,Alfdorf,2024-12-31,106,7260,68515887
08119003GEMI,Allmersbach im Tal,2022-12-31,636,5065,7959162
08119003GEMI,Allmersbach im Tal,2023-12-31,634,5049,7959161
08119003GEMI,Allmersbach im Tal,2024-12-31,624,4969,7959164
08119004GEMI,Althütte,2022-12-31,232,4221,18157111
08119004GEMI,Althütte,2023-12-31,231,4186,18157114
08119004GEMI,Althütte,2024-12-31,230,4184,18157115
08119006GEMI,Auenwald,2022-12-31,346,6831,19751253
08119006GEMI,Auenwald,2023-12-31,348,6864,19751255
08119006GEMI,Auenwald,2024-12-31,346,6833,19751254
08119008GEMI,"Backnang, Stadt",2022-12-31,975,38406,39383470
08119008GEMI,"Backnang, Stadt",2023-12-31,981,38643,39383302
08119008GEMI,"Backnang, Stadt",2024-12-31,986,38818,39383305
08119018GEMI,Burgstetten,2022-12-31,365,3751,10287638
08119018GEMI,Burgstetten,2023-12-31,363,3730,10287638
08119018GEMI,Burgstetten,2024-12-31,358,3681,10287639
08119020GEMI,"Fellbach, Stadt",2022-12-31,1689,46805,27705053
08119020GEMI,"Fellbach, Stadt",2023-12-31,1701,47123,27705082
08119020GEMI,"Fellbach, Stadt",2024-12-31,1701,47120,27705210
08119024GEMI,Großerlach,2022-12-31,97,2640,27152038
08119024GEMI,Großerlach,2023-12-31,99,2687,27152041
08119024GEMI,Großerlach,2024-12-31,101,2752,27152086
08119037GEMI,Kaisersbach,2022-12-31,88,2469,27938174
08119037GEMI,Kaisersbach,2023-12-31,86,2392,27938173
08119037GEMI,Kaisersbach,2024-12-31,85,2381,27938172
08119038GEMI,Kirchberg an der Murr,2022-12-31,303,4001,13212431
08119038GEMI,Kirchberg an der Murr,2023-12-31,310,4095,13212432
08119038GEMI,Kirchberg an der Murr,2024-12-31,314,4144,13212431
08119041GEMI,Korb,2022-12-31,1344,11357,8450526
08119041GEMI,Korb,2023-12-31,1368,11557,8450526
08119041GEMI,Korb,2024-12-31,1374,11607,8450527
08119042GEMI,Leutenbach,2022-12-31,821,12094,14732538
08119042GEMI,Leutenbach,2023-12-31,826,12171,14732538
08119042GEMI,Leutenbach,2024-12-31,821,12093,14732541
08119044GEMI,"Murrhardt, Stadt",2022-12-31,203,14478,71145112
08119044GEMI,"Murrhardt, Stadt",2023-12-31,205,14550,71145105
08119044GEMI,"Murrhardt, Stadt",2024-12-31,205,14551,71145113
08119053GEMI,Oppenweiler,2022-12-31,224,4435,19795087
08119053GEMI,Oppenweiler,2023-12-31,225,4445,19795258
08119053GEMI,Oppenweiler,2024-12-31,224,4435,19795259
08119055GEMI,Plüderhausen,2022-12-31,373,9734,26121149
08119055GEMI,Plüderhausen,2023-12-31,376,9817,26121148
08119055GEMI,Plüderhausen,2024-12-31,374,9766,26121152
08119061GEMI,Rudersberg,2022-12-31,297,11710,39372775
08119061GEMI,Rudersberg,2023-12-31,296,11674,39372782
08119061GEMI,Rudersberg,2024-12-31,293,11555,39372778
08119067GEMI,"Schorndorf, Stadt",2022-12-31,719,40867,56829132
08119067GEMI,"Schorndorf, Stadt",2023-12-31,726,41286,56829155
08119067GEMI,"Schorndorf, Stadt",2024-12-31,733,41647,56829173
08119068GEMI,Schwaikheim,2022-12-31,1059,9761,9218815
08119068GEMI,Schwaikheim,2023-12-31,1076,9918,9218816
08119068GEMI,Schwaikheim,2024-12-31,1088,10028,9218816
08119069GEMI,Spiegelberg,2022-12-31,77,2175,28216980
08119069GEMI,Spiegelberg,2023-12-31,77,2168,28216980
08119069GEMI,Spiegelberg,2024-12-31,76,2152,28216983
08119075GEMI,Sulzbach an der Murr,2022-12-31,133,5342,40121645
08119075GEMI,Sulzbach an der Murr,2023-12-31,134,5366,40121645
08119075GEMI,Sulzbach an der Murr,2024-12-31,135,5421,40121648
08119076GEMI,Urbach,2022-12-31,437,9073,20767234
08119076GEMI,Urbach,2023-12-31,446,9254,20767232
08119076GEMI,Urbach,2024-12-31,447,9277,20767234
08119079GEMI,"Waiblingen, Stadt",2022-12-31,1344,57440,42749401
08119079GEMI,"Waiblingen, Stadt",2023-12-31,1340,57268,42749368
08119079GEMI,"Waiblingen, Stadt",2024-12-31,1341,57313,42749251
08119083GEMI,Weissach im Tal,2022-12-31,532,7514,14125759
08119083GEMI,Weissach im Tal,2023-12-31,536,7570,14125758
08119083GEMI,Weissach im Tal,2024-12-31,536,7576,14125762
08119084GEMI,"Welzheim, Stadt",2022-12-31,295,11224,37993877
08119084GEMI,"Welzheim, Stadt",2023-12-31,297,11267,37993879
08119084GEMI,"Welzheim, Stadt",2024-12-31,296,11264,37993875
08119085GEMI,"Winnenden, Stadt",2022-12-31,1054,29565,28045604
08119085GEMI,"Winnenden, Stadt",2023-12-31,1061,29761,28045609
08119085GEMI,"Winnenden, Stadt",2024-12-31,1065,29876,28045609
08119086GEMI,Winterbach,2022-12-31,448,7671,17124883
08119086GEMI,Winterbach,2023-12-31,446,7645,17124884
08119086GEMI,Winterbach,2024-12-31,446,7638,17124885
08119087GEMI,Aspach,2022-12-31,237,8400,35451543
08119087GEMI,Aspach,2023-12-31,235,8322,35451544
08119087GEMI,Aspach,2024-12-31,231,8178,35451544
08119089GEMI,Berglen,2022-12-31,263,6802,25864604
08119089GEMI,Berglen,2023-12-31,263,6808,25864607
08119089GEMI,Berglen,2024-12-31,265,6860,25864613
08119090GEMI,Remshalden,2022-12-31,947,14338,15143959
08119090GEMI,Remshalden,2023-12-31,951,14395,15143962
08119090GEMI,Remshalden,2024-12-31,947,14337,15143966
08119091GEMI,"Weinstadt, Stadt",2022-12-31,847,26863,31711487
08119091GEMI,"Weinstadt, Stadt",2023-12-31,853,27037,31711485
08119091GEMI,"Weinstadt, Stadt",2024-12-31,854,27074,31711485
08119093GEMI,Kernen im Remstal,2022-12-31,1047,15739,15036866
08119093GEMI,Kernen im Remstal,2023-12-31,1052,15812,15036864
08119093GEMI,Kernen im Remstal,2024-12-31,1058,15906,15036865
08121000GEMI,"Heilbronn, Universitätsstadt",2022-12-31,1301,129931,99889738
08121000GEMI,"Heilbronn, Universitätsstadt",2023-12-31,1318,131653,99889732
08121000GEMI,"Heilbronn, Universitätsstadt",2024-12-31,1321,131986,99890978
08125001GEMI,Abstatt,2022-12-31,510,4924,9663374
08125001GEMI,Abstatt,2023-12-31,513,4959,9663366
08125001GEMI,Abstatt,2024-12-31,515,4975,9663489
08125005GEMI,"Bad Friedrichshall, Stadt",2022-12-31,801,19798,24705612
08125005GEMI,"Bad Friedrichshall, Stadt",2023-12-31,802,19814,24705612
08125005GEMI,"Bad Friedrichshall, Stadt",2024-12-31,804,19853,24705609
08125006GEMI,"Bad Rappenau, Stadt",2022-12-31,306,22520,73556550
08125006GEMI,"Bad Rappenau, Stadt",2023-12-31,309,22756,73556545
08125006GEMI,"Bad Rappenau, Stadt",2024-12-31,309,22703,73556576
08125007GEMI,"Bad Wimpfen, Stadt",2022-12-31,382,7394,19376962
08125007GEMI,"Bad Wimpfen, Stadt",2023-12-31,391,7578,19376965
08125007GEMI,"Bad Wimpfen, Stadt",2024-12-31,397,7686,19377403
08125008GEMI,"Beilstein, Stadt",2022-12-31,245,6180,25244386
08125008GEMI,"Beilstein, Stadt",2023-12-31,253,6391,25244384
08125008GEMI,"Beilstein, Stadt",2024-12-31,254,6412,25244265
08125013GEMI,"Brackenheim, Stadt",2022-12-31,362,16571,45751324
08125013GEMI,"Brackenheim, Stadt",2023-12-31,368,16847,45751338
08125013GEMI,"Brackenheim, Stadt",2024-12-31,367,16774,45751341
08125017GEMI,Cleebronn,2022-12-31,184,3152,17091301
08125017GEMI,Cleebronn,2023-12-31,186,3186,17091294
08125017GEMI,Cleebronn,2024-12-31,182,3118,17091299
08125021GEMI,Eberstadt,2022-12-31,250,3126,12501509
08125021GEMI,Eberstadt,2023-12-31,254,3180,12501508
08125021GEMI,Eberstadt,2024-12-31,257,3209,12501511
08125024GEMI,Ellhofen,2022-12-31,679,3980,5863271
08125024GEMI,Ellhofen,2023-12-31,680,3986,5863274
08125024GEMI,Ellhofen,2024-12-31,682,3998,5863277
08125026GEMI,"Eppingen, Stadt",2022-12-31,255,22598,88581326
08125026GEMI,"Eppingen, Stadt",2023-12-31,255,22630,88581324
08125026GEMI,"Eppingen, Stadt",2024-12-31,256,22666,88581314
08125027GEMI,Erlenbach,2022-12-31,404,5136,12727931
08125027GEMI,Erlenbach,2023-12-31,404,5143,12727926
08125027GEMI,Erlenbach,2024-12-31,405,5155,12727929
08125030GEMI,Flein,2022-12-31,871,7385,8476264
08125030GEMI,Flein,2023-12-31,871,7384,8476265
08125030GEMI,Flein,2024-12-31,877,7432,8476265
08125034GEMI,Gemmingen,2022-12-31,290,5540,19078878
08125034GEMI,Gemmingen,2023-12-31,292,5568,19078898
08125034GEMI,Gemmingen,2024-12-31,293,5593,19078897
08125038GEMI,"Güglingen, Stadt",2022-12-31,395,6420,16270097
08125038GEMI,"Güglingen, Stadt",2023-12-31,390,6351,16270086
08125038GEMI,"Güglingen, Stadt",2024-12-31,393,6394,16270087
08125039GEMI,"Gundelsheim, Stadt",2022-12-31,197,7588,38443475
08125039GEMI,"Gundelsheim, Stadt",2023-12-31,197,7556,38443479
08125039GEMI,"Gundelsheim, Stadt",2024-12-31,194,7449,38443474
08125046GEMI,Ilsfeld,2022-12-31,368,9743,26505651
08125046GEMI,Ilsfeld,2023-12-31,369,9774,26505655
08125046GEMI,Ilsfeld,2024-12-31,371,9826,26505619
08125047GEMI,Ittlingen,2022-12-31,185,2613,14105561
08125047GEMI,Ittlingen,2023-12-31,187,2637,14105560
08125047GEMI,Ittlingen,2024-12-31,187,2643,14105562
08125048GEMI,Jagsthausen,2022-12-31,92,1618,17680842
08125048GEMI,Jagsthausen,2023-12-31,102,1795,17680846
08125048GEMI,Jagsthausen,2024-12-31,99,1747,17680848
08125049GEMI,Kirchardt,2022-12-31,275,5911,21498050
08125049GEMI,Kirchardt,2023-12-31,276,5927,21498076
08125049GEMI,Kirchardt,2024-12-31,276,5939,21498074
08125056GEMI,"Lauffen am Neckar, Stadt",2022-12-31,530,11989,22626218
08125056GEMI,"Lauffen am Neckar, Stadt",2023-12-31,532,12044,22626220
08125056GEMI,"Lauffen am Neckar, Stadt",2024-12-31,539,12189,22626209
08125057GEMI,Lehrensteinsfeld,2022-12-31,438,2724,6220395
08125057GEMI,Lehrensteinsfeld,2023-12-31,445,2770,6220392
08125057GEMI,Lehrensteinsfeld,2024-12-31,443,2758,6220391
08125058GEMI,"Leingarten, Stadt",2022-12-31,501,11749,23470314
08125058GEMI,"Leingarten, Stadt",2023-12-31,499,11705,23470313
08125058GEMI,"Leingarten, Stadt",2024-12-31,496,11637,23470316
08125059GEMI,"Löwenstein, Stadt",2022-12-31,146,3414,23460750
08125059GEMI,"Löwenstein, Stadt",2023-12-31,146,3432,23460749
08125059GEMI,"Löwenstein, Stadt",2024-12-31,147,3460,23461017
08125061GEMI,Massenbachhausen,2022-12-31,422,3708,8777389
08125061GEMI,Massenbachhausen,2023-12-31,432,3793,8777354
08125061GEMI,Massenbachhausen,2024-12-31,428,3760,8777353
08125063GEMI,"Möckmühl, Stadt",2022-12-31,170,8439,49599315
08125063GEMI,"Möckmühl, Stadt",2023-12-31,174,8636,49599466
08125063GEMI,"Möckmühl, Stadt",2024-12-31,175,8680,49599473
08125065GEMI,"Neckarsulm, Stadt",2022-12-31,1056,26331,24943376
08125065GEMI,"Neckarsulm, Stadt",2023-12-31,1057,26368,24943373
08125065GEMI,"Neckarsulm, Stadt",2024-12-31,1060,26431,24943373
08125066GEMI,Neckarwestheim,2022-12-31,294,4105,13976560
08125066GEMI,Neckarwestheim,2023-12-31,297,4147,13976560
08125066GEMI,Neckarwestheim,2024-12-31,290,4059,13976599
08125068GEMI,"Neudenau, Stadt",2022-12-31,166,5454,32907634
08125068GEMI,"Neudenau, Stadt",2023-12-31,169,5561,32907489
08125068GEMI,"Neudenau, Stadt",2024-12-31,171,5643,32907490
08125069GEMI,"Neuenstadt am Kocher, Stadt",2022-12-31,250,10295,41165708
08125069GEMI,"Neuenstadt am Kocher, Stadt",2023-12-31,250,10279,41165743
08125069GEMI,"Neuenstadt am Kocher, Stadt",2024-12-31,249,10249,41165746
08125074GEMI,Nordheim,2022-12-31,667,8482,12709120
08125074GEMI,Nordheim,2023-12-31,665,8453,12709118
08125074GEMI,Nordheim,2024-12-31,667,8480,12709119
08125078GEMI,Oedheim,2022-12-31,308,6540,21236820
08125078GEMI,Oedheim,2023-12-31,310,6594,21236819
08125078GEMI,Oedheim,2024-12-31,310,6580,21236821
08125079GEMI,Offenau,2022-12-31,523,2957,5657411
08125079GEMI,Offenau,2023-12-31,508,2873,5657408
08125079GEMI,Offenau,2024-12-31,503,2848,5656967
08125081GEMI,Pfaffenhofen,2022-12-31,208,2506,12044825
08125081GEMI,Pfaffenhofen,2023-12-31,214,2573,12044824
08125081GEMI,Pfaffenhofen,2024-12-31,215,2593,12044824
08125084GEMI,Roigheim,2022-12-31,102,1432,14005510
08125084GEMI,Roigheim,2023-12-31,106,1483,14005508
08125084GEMI,Roigheim,2024-12-31,107,1497,14005508
08125086GEMI,"Schwaigern, Stadt",2022-12-31,234,11566,49488377
08125086GEMI,"Schwaigern, Stadt",2023-12-31,235,11614,49488385
08125086GEMI,"Schwaigern, Stadt",2024-12-31,236,11661,49488397
08125087GEMI,Siegelsbach,2022-12-31,225,1731,7680557
08125087GEMI,Siegelsbach,2023-12-31,220,1686,7680555
08125087GEMI,Siegelsbach,2024-12-31,214,1643,7680555
08125094GEMI,Talheim,2022-12-31,429,4990,11618366
08125094GEMI,Talheim,2023-12-31,432,5023,11618366
08125094GEMI,Talheim,2024-12-31,437,5074,11618369
08125096GEMI,Untereisesheim,2022-12-31,1173,4302,3667989
08125096GEMI,Untereisesheim,2023-12-31,1196,4386,3667989
08125096GEMI,Untereisesheim,2024-12-31,1191,4367,3667989
08125098GEMI,Untergruppenbach,2022-12-31,315,8603,27272725
08125098GEMI,Untergruppenbach,2023-12-31,317,8654,27272731
08125098GEMI,Untergruppenbach,2024-12-31,318,8670,27272731
08125102GEMI,"Weinsberg, Stadt",2022-12-31,586,13023,22223132
08125102GEMI,"Weinsberg, Stadt",2023-12-31,594,13203,22223121
08125102GEMI,"Weinsberg, Stadt",2024-12-31,597,13268,22223123
08125103GEMI,"Widdern, Stadt",2022-12-31,71,1786,25225906
08125103GEMI,"Widdern, Stadt",2023-12-31,71,1794,25225899
08125103GEMI,"Widdern, Stadt",2024-12-31,71,1782,25225901
08125107GEMI,Wüstenrot,2022-12-31,225,6751,30023191
08125107GEMI,Wüstenrot,2023-12-31,224,6738,30023194
08125107GEMI,Wüstenrot,2024-12-31,223,6692,30022929
08125108GEMI,Zaberfeld,2022-12-31,189,4190,22181656
08125108GEMI,Zaberfeld,2023-12-31,188,4164,22181655
08125108GEMI,Zaberfeld,2024-12-31,187,4156,22181656
08125110GEMI,Obersulm,2022-12-31,446,13866,31077476
08125110GEMI,Obersulm,2023-12-31,444,13796,31077478
08125110GEMI,Obersulm,2024-12-31,443,13756,31077481
08125111GEMI,Hardthausen am Kocher,2022-12-31,121,4319,35555224
08125111GEMI,Hardthausen am Kocher,2023-12-31,126,4476,35555204
08125111GEMI,Hardthausen am Kocher,2024-12-31,126,4478,35555207
08125113GEMI,Langenbrettach,2022-12-31,165,3953,23973429
08125113GEMI,Langenbrettach,2023-12-31,163,3902,23973409
08125113GEMI,Langenbrettach,2024-12-31,162,3894,23973410
08126011GEMI,Bretzfeld,2022-12-31,193,12465,64681973
08126011GEMI,Bretzfeld,2023-12-31,194,12516,64681975
08126011GEMI,Bretzfeld,2024-12-31,197,12713,64681981
08126020GEMI,Dörzbach,2022-12-31,78,2531,32354469
08126020GEMI,Dörzbach,2023-12-31,79,2562,32354470
08126020GEMI,Dörzbach,2024-12-31,79,2568,32354479
08126028GEMI,"Forchtenberg, Stadt",2022-12-31,139,5288,38091037
08126028GEMI,"Forchtenberg, Stadt",2023-12-31,139,5310,38091037
08126028GEMI,"Forchtenberg, Stadt",2024-12-31,142,5405,38091037
08126039GEMI,"Ingelfingen, Stadt",2022-12-31,117,5448,46475725
08126039GEMI,"Ingelfingen, Stadt",2023-12-31,118,5469,46475728
08126039GEMI,"Ingelfingen, Stadt",2024-12-31,118,5501,46475729
08126045GEMI,"Krautheim, Stadt",2022-12-31,87,4628,52898072
08126045GEMI,"Krautheim, Stadt",2023-12-31,87,4626,52898135
08126045GEMI,"Krautheim, Stadt",2024-12-31,86,4561,52898134
08126046GEMI,"Künzelsau, Stadt",2022-12-31,214,16063,75170857
08126046GEMI,"Künzelsau, Stadt",2023-12-31,217,16282,75176005
08126046GEMI,"Künzelsau, Stadt",2024-12-31,217,16348,75176004
08126047GEMI,Kupferzell,2022-12-31,120,6533,54279186
08126047GEMI,Kupferzell,2023-12-31,121,6575,54273946
08126047GEMI,Kupferzell,2024-12-31,123,6665,54273945
08126056GEMI,Mulfingen,2022-12-31,46,3645,80087557
08126056GEMI,Mulfingen,2023-12-31,45,3619,80087558
08126056GEMI,Mulfingen,2024-12-31,45,3604,80087550
08126058GEMI,"Neuenstein, Stadt",2022-12-31,138,6606,47840298
08126058GEMI,"Neuenstein, Stadt",2023-12-31,138,6621,47856480
08126058GEMI,"Neuenstein, Stadt",2024-12-31,138,6618,47856486
08126060GEMI,"Niedernhall, Stadt",2022-12-31,236,4171,17709374
08126060GEMI,"Niedernhall, Stadt",2023-12-31,240,4243,17693268
08126060GEMI,"Niedernhall, Stadt",2024-12-31,237,4185,17693270
08126066GEMI,"Öhringen, Stadt",2022-12-31,374,25377,67790681
08126066GEMI,"Öhringen, Stadt",2023-12-31,377,25582,67790681
08126066GEMI,"Öhringen, Stadt",2024-12-31,379,25673,67790684
08126069GEMI,Pfedelbach,2022-12-31,227,9381,41294908
08126069GEMI,Pfedelbach,2023-12-31,229,9471,41294909
08126069GEMI,Pfedelbach,2024-12-31,227,9369,41294912
08126072GEMI,Schöntal,2022-12-31,69,5601,81670443
08126072GEMI,Schöntal,2023-12-31,69,5601,81670443
08126072GEMI,Schöntal,2024-12-31,68,5557,81670441
08126085GEMI,"Waldenburg, Stadt",2022-12-31,95,2988,31539302
08126085GEMI,"Waldenburg, Stadt",2023-12-31,94,2966,31539316
08126085GEMI,"Waldenburg, Stadt",2024-12-31,95,2986,31539317
08126086GEMI,Weißbach,2022-12-31,158,2013,12771655
08126086GEMI,Weißbach,2023-12-31,162,2063,12771655
08126086GEMI,Weißbach,2024-12-31,161,2060,12771654
08126094GEMI,Zweiflingen,2022-12-31,57,1815,32098643
08126094GEMI,Zweiflingen,2023-12-31,57,1829,32098643
08126094GEMI,Zweiflingen,2024-12-31,57,1831,32098641
08127008GEMI,Blaufelden,2022-12-31,60,5372,90171403
08127008GEMI,Blaufelden,2023-12-31,60,5401,90171414
08127008GEMI,Blaufelden,2024-12-31,60,5439,90171667
08127009GEMI,Braunsbach,2022-12-31,47,2465,52866714
08127009GEMI,Braunsbach,2023-12-31,48,2522,52866713
08127009GEMI,Braunsbach,2024-12-31,47,2472,52866720
08127012GEMI,Bühlertann,2022-12-31,130,3061,23588430
08127012GEMI,Bühlertann,2023-12-31,130,3078,23588391
08127012GEMI,Bühlertann,2024-12-31,130,3075,23588390
08127013GEMI,Bühlerzell,2022-12-31,42,2084,49298288
08127013GEMI,Bühlerzell,2023-12-31,42,2087,49298327
08127013GEMI,Bühlerzell,2024-12-31,42,2090,49298324
08127014GEMI,"Crailsheim, Stadt",2022-12-31,320,34853,109079050
08127014GEMI,"Crailsheim, Stadt",2023-12-31,324,35346,109079052
08127014GEMI,"Crailsheim, Stadt",2024-12-31,328,35755,109079055
08127023GEMI,Fichtenberg,2022-12-31,119,2879,24192793
08127023GEMI,Fichtenberg,2023-12-31,119,2890,24192795
08127023GEMI,Fichtenberg,2024-12-31,120,2895,24192791
08127025GEMI,"Gaildorf, Stadt",2022-12-31,194,12151,62585651
08127025GEMI,"Gaildorf, Stadt",2023-12-31,193,12108,62585650
08127025GEMI,"Gaildorf, Stadt",2024-12-31,192,12005,62585643
08127032GEMI,"Gerabronn, Stadt",2022-12-31,112,4505,40381839
08127032GEMI,"Gerabronn, Stadt",2023-12-31,111,4481,40381842
08127032GEMI,"Gerabronn, Stadt",2024-12-31,110,4451,40381820
08127043GEMI,"Ilshofen, Stadt",2022-12-31,127,6952,54867631
08127043GEMI,"Ilshofen, Stadt",2023-12-31,127,6977,54867644
08127043GEMI,"Ilshofen, Stadt",2024-12-31,127,6990,54867639
08127046GEMI,"Kirchberg an der Jagst, Stadt",2022-12-31,102,4163,40931520
08127046GEMI,"Kirchberg an der Jagst, Stadt",2023-12-31,104,4276,40931520
08127046GEMI,"Kirchberg an der Jagst, Stadt",2024-12-31,103,4221,40931519
08127047GEMI,"Langenburg, Stadt",2022-12-31,58,1824,31399977
08127047GEMI,"Langenburg, Stadt",2023-12-31,57,1776,31399979
08127047GEMI,"Langenburg, Stadt",2024-12-31,56,1749,31399978
08127052GEMI,Mainhardt,2022-12-31,102,5987,58699998
08127052GEMI,Mainhardt,2023-12-31,102,5988,58699999
08127052GEMI,Mainhardt,2024-12-31,102,5973,58700001
08127056GEMI,Michelbach an der Bilz,2022-12-31,189,3343,17681406
08127056GEMI,Michelbach an der Bilz,2023-12-31,187,3310,17681405
08127056GEMI,Michelbach an der Bilz,2024-12-31,188,3325,17681402
08127059GEMI,Michelfeld,2022-12-31,107,3753,35232204
08127059GEMI,Michelfeld,2023-12-31,107,3785,35232196
08127059GEMI,Michelfeld,2024-12-31,106,3720,35232197
08127062GEMI,Oberrot,2022-12-31,91,3462,37937146
08127062GEMI,Oberrot,2023-12-31,91,3434,37937146
08127062GEMI,Oberrot,2024-12-31,92,3476,37937100
08127063GEMI,Obersontheim,2022-12-31,98,5348,54841444
08127063GEMI,Obersontheim,2023-12-31,98,5389,54841441
08127063GEMI,Obersontheim,2024-12-31,98,5355,54841445
08127071GEMI,Rot am See,2022-12-31,74,5552,74801134
08127071GEMI,Rot am See,2023-12-31,75,5627,74801128
08127071GEMI,Rot am See,2024-12-31,74,5531,74800863
08127073GEMI,Satteldorf,2022-12-31,121,5611,46207185
08127073GEMI,Satteldorf,2023-12-31,124,5717,46207187
08127073GEMI,Satteldorf,2024-12-31,123,5703,46207180
08127075GEMI,"Schrozberg, Stadt",2022-12-31,55,5756,105211432
08127075GEMI,"Schrozberg, Stadt",2023-12-31,55,5797,105211428
08127075GEMI,"Schrozberg, Stadt",2024-12-31,55,5777,105211426
08127076GEMI,"Schwäbisch Hall, Stadt",2022-12-31,398,41512,104191259
08127076GEMI,"Schwäbisch Hall, Stadt",2023-12-31,407,42363,104191262
08127076GEMI,"Schwäbisch Hall, Stadt",2024-12-31,409,42598,104191270
08127079GEMI,Sulzbach-Laufen,2022-12-31,58,2537,43973400
08127079GEMI,Sulzbach-Laufen,2023-12-31,58,2550,43973400
08127079GEMI,Sulzbach-Laufen,2024-12-31,58,2560,43973399
08127086GEMI,Untermünkheim,2022-12-31,111,3012,27194056
08127086GEMI,Untermünkheim,2023-12-31,111,3031,27194053
08127086GEMI,Untermünkheim,2024-12-31,113,3076,27194054
08127089GEMI,"Vellberg, Stadt",2022-12-31,145,4631,31890754
08127089GEMI,"Vellberg, Stadt",2023-12-31,148,4729,31890755
08127089GEMI,"Vellberg, Stadt",2024-12-31,149,4747,31890751
08127091GEMI,Wallhausen,2022-12-31,145,3696,25470588
08127091GEMI,Wallhausen,2023-12-31,147,3736,25470589
08127091GEMI,Wallhausen,2024-12-31,144,3671,25470475
08127099GEMI,Wolpertshausen,2022-12-31,84,2293,27418356
08127099GEMI,Wolpertshausen,2023-12-31,85,2318,27418347
08127099GEMI,Wolpertshausen,2024-12-31,86,2365,27418347
08127100GEMI,Rosengarten,2022-12-31,169,5242,31008447
08127100GEMI,Rosengarten,2023-12-31,169,5250,31008445
08127100GEMI,Rosengarten,2024-12-31,171,5309,31008449
08127101GEMI,Kreßberg,2022-12-31,83,4005,48458176
08127101GEMI,Kreßberg,2023-12-31,83,4014,48458175
08127101GEMI,Kreßberg,2024-12-31,83,4008,48458182
08127102GEMI,Fichtenau,2022-12-31,147,4613,31283233
08127102GEMI,Fichtenau,2023-12-31,147,4606,31283234
08127102GEMI,Fichtenau,2024-12-31,147,4588,31283231
08127103GEMI,Frankenhardt,2022-12-31,71,4962,69863040
08127103GEMI,Frankenhardt,2023-12-31,72,5011,69863042
08127103GEMI,Frankenhardt,2024-12-31,72,5026,69863030
08127104GEMI,Stimpfach,2022-12-31,91,3026,33355202
08127104GEMI,Stimpfach,2023-12-31,90,3000,33354004
08127104GEMI,Stimpfach,2024-12-31,89,2952,33353999
08128006GEMI,Assamstadt,2022-12-31,130,2237,17231086
08128006GEMI,Assamstadt,2023-12-31,129,2217,17230852
08128006GEMI,Assamstadt,2024-12-31,130,2236,17230852
08128007GEMI,"Bad Mergentheim, Stadt",2022-12-31,185,23994,129962629
08128007GEMI,"Bad Mergentheim, Stadt",2023-12-31,186,24182,129961942
08128007GEMI,"Bad Mergentheim, Stadt",2024-12-31,185,24023,129961948
08128014GEMI,"Boxberg, Stadt",2022-12-31,65,6648,101709178
08128014GEMI,"Boxberg, Stadt",2023-12-31,66,6663,101709174
08128014GEMI,"Boxberg, Stadt",2024-12-31,66,6709,101709177
08128020GEMI,"Creglingen, Stadt",2022-12-31,38,4493,117226401
08128020GEMI,"Creglingen, Stadt",2023-12-31,38,4465,117226399
08128020GEMI,"Creglingen, Stadt",2024-12-31,38,4453,117226395
08128039GEMI,"Freudenberg, Stadt",2022-12-31,106,3672,34762367
08128039GEMI,"Freudenberg, Stadt",2023-12-31,105,3654,34762367
08128039GEMI,"Freudenberg, Stadt",2024-12-31,104,3615,34762370
08128045GEMI,Großrinderfeld,2022-12-31,72,4058,56279175
08128045GEMI,Großrinderfeld,2023-12-31,72,4073,56279176
08128045GEMI,Großrinderfeld,2024-12-31,73,4088,56279179
08128047GEMI,"Grünsfeld, Stadt",2022-12-31,83,3719,44718201
08128047GEMI,"Grünsfeld, Stadt",2023-12-31,82,3657,44718198
08128047GEMI,"Grünsfeld, Stadt",2024-12-31,81,3640,44718197
08128058GEMI,Igersheim,2022-12-31,126,5411,42832526
08128058GEMI,Igersheim,2023-12-31,128,5466,42832527
08128058GEMI,Igersheim,2024-12-31,129,5517,42832527
08128061GEMI,Königheim,2022-12-31,49,3018,61214969
08128061GEMI,Königheim,2023-12-31,49,3010,61214951
08128061GEMI,Königheim,2024-12-31,50,3043,61214946
08128064GEMI,"Külsheim, Stadt",2022-12-31,65,5265,81426226
08128064GEMI,"Külsheim, Stadt",2023-12-31,66,5360,81426228
08128064GEMI,"Külsheim, Stadt",2024-12-31,66,5360,81426223
08128082GEMI,"Niederstetten, Stadt",2022-12-31,47,4875,104047514
08128082GEMI,"Niederstetten, Stadt",2023-12-31,47,4857,104047516
08128082GEMI,"Niederstetten, Stadt",2024-12-31,47,4906,104047490
08128115GEMI,"Tauberbischofsheim, Stadt",2022-12-31,193,13350,69292125
08128115GEMI,"Tauberbischofsheim, Stadt",2023-12-31,194,13463,69292143
08128115GEMI,"Tauberbischofsheim, Stadt",2024-12-31,194,13445,69292132
08128126GEMI,"Weikersheim, Stadt",2022-12-31,95,7695,80933048
08128126GEMI,"Weikersheim, Stadt",2023-12-31,97,7847,80933033
08128126GEMI,"Weikersheim, Stadt",2024-12-31,98,7902,80933037
08128128GEMI,Werbach,2022-12-31,74,3209,43165597
08128128GEMI,Werbach,2023-12-31,74,3197,43165601
08128128GEMI,Werbach,2024-12-31,74,3180,43165601
08128131GEMI,"Wertheim, Stadt",2022-12-31,165,22935,138590000
08128131GEMI,"Wertheim, Stadt",2023-12-31,167,23076,138589999
08128131GEMI,"Wertheim, Stadt",2024-12-31,165,22874,138590007
08128137GEMI,Wittighausen,2022-12-31,53,1705,32363640
08128137GEMI,Wittighausen,2023-12-31,54,1743,32363630
08128137GEMI,Wittighausen,2024-12-31,55,1789,32363632
08128138GEMI,Ahorn,2022-12-31,41,2215,53926621
08128138GEMI,Ahorn,2023-12-31,41,2216,53926614
08128138GEMI,Ahorn,2024-12-31,41,2209,53926616
08128139GEMI,"Lauda-Königshofen, Stadt",2022-12-31,151,14294,94440754
08128139GEMI,"Lauda-Königshofen, Stadt",2023-12-31,152,14313,94441611
08128139GEMI,"Lauda-Königshofen, Stadt",2024-12-31,150,14180,94441618
08135010GEMI,Dischingen,2022-12-31,56,4410,78062883
08135010GEMI,Dischingen,2023-12-31,57,4433,78062882
08135010GEMI,Dischingen,2024-12-31,56,4374,78062865
08135015GEMI,Gerstetten,2022-12-31,126,11679,92434865
08135015GEMI,Gerstetten,2023-12-31,126,11656,92434809
08135015GEMI,Gerstetten,2024-12-31,125,11551,92434800
08135016GEMI,"Giengen an der Brenz, Stadt",2022-12-31,447,19678,44069597
08135016GEMI,"Giengen an der Brenz, Stadt",2023-12-31,452,19907,44069596
08135016GEMI,"Giengen an der Brenz, Stadt",2024-12-31,453,19967,44069591
08135019GEMI,"Heidenheim an der Brenz, Stadt",2022-12-31,472,50584,107093746
08135019GEMI,"Heidenheim an der Brenz, Stadt",2023-12-31,471,50471,107093677
08135019GEMI,"Heidenheim an der Brenz, Stadt",2024-12-31,473,50618,107092357
08135020GEMI,"Herbrechtingen, Stadt",2022-12-31,227,13301,58629070
08135020GEMI,"Herbrechtingen, Stadt",2023-12-31,226,13237,58629181
08135020GEMI,"Herbrechtingen, Stadt",2024-12-31,226,13238,58629187
08135021GEMI,Hermaringen,2022-12-31,152,2317,15250340
08135021GEMI,Hermaringen,2023-12-31,153,2334,15250340
08135021GEMI,Hermaringen,2024-12-31,154,2341,15250343
08135025GEMI,Königsbronn,2022-12-31,155,7032,45443049
08135025GEMI,Königsbronn,2023-12-31,155,7022,45443193
08135025GEMI,Königsbronn,2024-12-31,155,7028,45443185
08135026GEMI,Nattheim,2022-12-31,143,6419,44993487
08135026GEMI,Nattheim,2023-12-31,147,6601,44993622
08135026GEMI,Nattheim,2024-12-31,146,6555,44993616
08135027GEMI,"Niederstotzingen, Stadt",2022-12-31,160,4755,29809034
08135027GEMI,"Niederstotzingen, Stadt",2023-12-31,163,4853,29809032
08135027GEMI,"Niederstotzingen, Stadt",2024-12-31,165,4916,29809027
08135031GEMI,Sontheim an der Brenz,2022-12-31,200,5780,28924626
08135031GEMI,Sontheim an der Brenz,2023-12-31,201,5802,28924624
08135031GEMI,Sontheim an der Brenz,2024-12-31,200,5771,28924623
08135032GEMI,Steinheim am Albuch,2022-12-31,107,8811,82425055
08135032GEMI,Steinheim am Albuch,2023-12-31,108,8925,82425055
08135032GEMI,Steinheim am Albuch,2024-12-31,108,8876,82425029
08136002GEMI,Abtsgmünd,2022-12-31,103,7404,71565559
08136002GEMI,Abtsgmünd,2023-12-31,104,7448,71565565
08136002GEMI,Abtsgmünd,2024-12-31,105,7501,71565563
08136003GEMI,Adelmannsfelden,2022-12-31,75,1714,22896693
08136003GEMI,Adelmannsfelden,2023-12-31,75,1711,22896690
08136003GEMI,Adelmannsfelden,2024-12-31,76,1732,22896689
08136007GEMI,Bartholomä,2022-12-31,101,2103,20752622
08136007GEMI,Bartholomä,2023-12-31,98,2041,20752622
08136007GEMI,Bartholomä,2024-12-31,98,2042,20752623
08136009GEMI,Böbingen an der Rems,2022-12-31,379,4626,12218695
08136009GEMI,Böbingen an der Rems,2023-12-31,377,4607,12218696
08136009GEMI,Böbingen an der Rems,2024-12-31,371,4539,12218694
08136010GEMI,"Bopfingen, Stadt",2022-12-31,151,11624,76960024
08136010GEMI,"Bopfingen, Stadt",2023-12-31,150,11570,76957258
08136010GEMI,"Bopfingen, Stadt",2024-12-31,150,11560,76957239
08136015GEMI,Durlangen,2022-12-31,264,2760,10435021
08136015GEMI,Durlangen,2023-12-31,264,2755,10435021
08136015GEMI,Durlangen,2024-12-31,262,2730,10434974
08136018GEMI,Ellenberg,2022-12-31,58,1754,30189475
08136018GEMI,Ellenberg,2023-12-31,61,1830,30189473
08136018GEMI,Ellenberg,2024-12-31,60,1815,30189463
08136019GEMI,"Ellwangen (Jagst), Stadt",2022-12-31,197,25127,127383178
08136019GEMI,"Ellwangen (Jagst), Stadt",2023-12-31,195,24826,127383185
08136019GEMI,"Ellwangen (Jagst), Stadt",2024-12-31,196,25001,127383177
08136020GEMI,Eschach,2022-12-31,91,1847,20277016
08136020GEMI,Eschach,2023-12-31,93,1883,20277018
08136020GEMI,Eschach,2024-12-31,95,1920,20277016
08136021GEMI,Essingen,2022-12-31,110,6435,58490444
08136021GEMI,Essingen,2023-12-31,110,6452,58490445
08136021GEMI,Essingen,2024-12-31,110,6444,58490473
08136024GEMI,Göggingen,2022-12-31,226,2570,11376560
08136024GEMI,Göggingen,2023-12-31,226,2573,11376559
08136024GEMI,Göggingen,2024-12-31,224,2545,11376568
08136027GEMI,Gschwend,2022-12-31,85,4655,54520339
08136027GEMI,Gschwend,2023-12-31,85,4615,54520339
08136027GEMI,Gschwend,2024-12-31,84,4581,54520338
08136028GEMI,"Heubach, Stadt",2022-12-31,389,10037,25784762
08136028GEMI,"Heubach, Stadt",2023-12-31,391,10086,25784720
08136028GEMI,"Heubach, Stadt",2024-12-31,393,10145,25784713
08136029GEMI,Heuchlingen,2022-12-31,204,1845,9033536
08136029GEMI,Heuchlingen,2023-12-31,202,1824,9033536
08136029GEMI,Heuchlingen,2024-12-31,206,1864,9033523
08136033GEMI,Hüttlingen,2022-12-31,323,6030,18695368
08136033GEMI,Hüttlingen,2023-12-31,324,6066,18695449
08136033GEMI,Hüttlingen,2024-12-31,324,6060,18695448
08136034GEMI,Iggingen,2022-12-31,222,2530,11391073
08136034GEMI,Iggingen,2023-12-31,229,2612,11391073
08136034GEMI,Iggingen,2024-12-31,229,2613,11391073
08136035GEMI,Jagstzell,2022-12-31,61,2307,37948824
08136035GEMI,Jagstzell,2023-12-31,62,2346,37950024
08136035GEMI,Jagstzell,2024-12-31,62,2365,37950011
08136037GEMI,Kirchheim am Ries,2022-12-31,85,1791,21051992
08136037GEMI,Kirchheim am Ries,2023-12-31,85,1782,21051996
08136037GEMI,Kirchheim am Ries,2024-12-31,83,1750,21051991
08136038GEMI,"Lauchheim, Stadt",2022-12-31,116,4736,40859551
08136038GEMI,"Lauchheim, Stadt",2023-12-31,118,4810,40865500
08136038GEMI,"Lauchheim, Stadt",2024-12-31,119,4857,40865497
08136040GEMI,Leinzell,2022-12-31,970,2050,2112875
08136040GEMI,Leinzell,2023-12-31,957,2023,2112875
08136040GEMI,Leinzell,2024-12-31,955,2018,2112876
08136042GEMI,"Lorch, Stadt",2022-12-31,317,10851,34282438
08136042GEMI,"Lorch, Stadt",2023-12-31,317,10883,34282438
08136042GEMI,"Lorch, Stadt",2024-12-31,315,10806,34282438
08136043GEMI,Mögglingen,2022-12-31,416,4274,10272446
08136043GEMI,Mögglingen,2023-12-31,416,4272,10272446
08136043GEMI,Mögglingen,2024-12-31,420,4317,10272447
08136044GEMI,Mutlangen,2022-12-31,777,6825,8786402
08136044GEMI,Mutlangen,2023-12-31,772,6783,8786404
08136044GEMI,Mutlangen,2024-12-31,772,6786,8786449
08136045GEMI,"Neresheim, Stadt",2022-12-31,68,8017,118505494
08136045GEMI,"Neresheim, Stadt",2023-12-31,68,8003,118505495
08136045GEMI,"Neresheim, Stadt",2024-12-31,67,7954,118506832
08136046GEMI,Neuler,2022-12-31,89,3220,36265611
08136046GEMI,Neuler,2023-12-31,89,3226,36265610
08136046GEMI,Neuler,2024-12-31,90,3270,36265609
08136049GEMI,Obergröningen,2022-12-31,72,423,5862494
08136049GEMI,Obergröningen,2023-12-31,74,432,5862494
08136049GEMI,Obergröningen,2024-12-31,73,427,5862493
08136050GEMI,"Oberkochen, Stadt",2022-12-31,334,7864,23548209
08136050GEMI,"Oberkochen, Stadt",2023-12-31,336,7922,23548068
08136050GEMI,"Oberkochen, Stadt",2024-12-31,329,7746,23548062
08136060GEMI,Rosenberg,2022-12-31,64,2621,41022827
08136060GEMI,Rosenberg,2023-12-31,62,2561,41022819
08136060GEMI,Rosenberg,2024-12-31,63,2575,41022824
08136061GEMI,Ruppertshofen,2022-12-31,131,1863,14213688
08136061GEMI,Ruppertshofen,2023-12-31,135,1919,14213690
08136061GEMI,Ruppertshofen,2024-12-31,136,1939,14213689
08136062GEMI,Schechingen,2022-12-31,186,2209,11870863
08136062GEMI,Schechingen,2023-12-31,188,2234,11870863
08136062GEMI,Schechingen,2024-12-31,189,2245,11870864
08136065GEMI,"Schwäbisch Gmünd, Stadt",2022-12-31,560,63700,113811408
08136065GEMI,"Schwäbisch Gmünd, Stadt",2023-12-31,563,64116,113811626
08136065GEMI,"Schwäbisch Gmünd, Stadt",2024-12-31,566,64416,113812254
08136066GEMI,Spraitbach,2022-12-31,273,3386,12391629
08136066GEMI,Spraitbach,2023-12-31,271,3360,12391628
08136066GEMI,Spraitbach,2024-12-31,269,3335,12391627
08136068GEMI,Stödtlen,2022-12-31,59,1831,31184312
08136068GEMI,Stödtlen,2023-12-31,59,1836,31184313
08136068GEMI,Stödtlen,2024-12-31,59,1825,31184306
08136070GEMI,Täferrot,2022-12-31,86,1027,12009729
08136070GEMI,Täferrot,2023-12-31,85,1017,12009729
08136070GEMI,Täferrot,2024-12-31,84,1008,12009728
08136071GEMI,Tannhausen,2022-12-31,101,1797,17743772
08136071GEMI,Tannhausen,2023-12-31,101,1797,17743772
08136071GEMI,Tannhausen,2024-12-31,102,1809,17743770
08136075GEMI,Unterschneidheim,2022-12-31,71,4862,68073456
08136075GEMI,Unterschneidheim,2023-12-31,72,4934,68073455
08136075GEMI,Unterschneidheim,2024-12-31,73,4975,68073444
08136079GEMI,Waldstetten,2022-12-31,337,7060,20956301
08136079GEMI,Waldstetten,2023-12-31,339,7104,20956302
08136079GEMI,Waldstetten,2024-12-31,337,7067,20956298
08136082GEMI,Westhausen,2022-12-31,159,6107,38454127
08136082GEMI,Westhausen,2023-12-31,161,6189,38450934
08136082GEMI,Westhausen,2024-12-31,160,6136,38450928
08136084GEMI,Wört,2022-12-31,82,1490,18170149
08136084GEMI,Wört,2023-12-31,83,1506,18170147
08136084GEMI,Wört,2024-12-31,83,1500,18170153
08136087GEMI,Riesbürg,2022-12-31,125,2248,17965236
08136087GEMI,Riesbürg,2023-12-31,123,2205,17965236
08136087GEMI,Riesbürg,2024-12-31,124,2234,17965239
08136088GEMI,"Aalen, Stadt",2022-12-31,459,67342,146582946
08136088GEMI,"Aalen, Stadt",2023-12-31,462,67724,146582942
08136088GEMI,"Aalen, Stadt",2024-12-31,461,67621,146582796
08136089GEMI,Rainau,2022-12-31,133,3381,25471012
08136089GEMI,Rainau,2023-12-31,133,3380,25470938
08136089GEMI,Rainau,2024-12-31,132,3354,25471020
08211000GEMI,"Baden-Baden, Stadt",2022-12-31,400,56094,140194283
08211000GEMI,"Baden-Baden, Stadt",2023-12-31,403,56526,140194332
08211000GEMI,"Baden-Baden, Stadt",2024-12-31,406,56881,140194329
08212000GEMI,"Karlsruhe, Stadt",2022-12-31,1768,306630,173423965
08212000GEMI,"Karlsruhe, Stadt",2023-12-31,1777,308197,173424289
08212000GEMI,"Karlsruhe, Stadt",2024-12-31,1782,309050,173424053
08215007GEMI,"Bretten, Stadt",2022-12-31,424,30169,71097890
08215007GEMI,"Bretten, Stadt",2023-12-31,426,30264,71097959
08215007GEMI,"Bretten, Stadt",2024-12-31,426,30274,71097950
08215009GEMI,"Bruchsal, Stadt",2022-12-31,507,47155,93043253
08215009GEMI,"Bruchsal, Stadt",2023-12-31,511,47574,93043255
08215009GEMI,"Bruchsal, Stadt",2024-12-31,514,47784,93043253
08215017GEMI,"Ettlingen, Stadt",2022-12-31,679,38534,56753680
08215017GEMI,"Ettlingen, Stadt",2023-12-31,680,38597,56753678
08215017GEMI,"Ettlingen, Stadt",2024-12-31,680,38578,56753681
08215021GEMI,Forst,2022-12-31,710,8135,11461587
08215021GEMI,Forst,2023-12-31,709,8127,11461588
08215021GEMI,Forst,2024-12-31,705,8083,11461588
08215025GEMI,Gondelsheim,2022-12-31,275,4087,14860520
08215025GEMI,Gondelsheim,2023-12-31,279,4142,14860518
08215025GEMI,Gondelsheim,2024-12-31,281,4172,14860518
08215029GEMI,Hambrücken,2022-12-31,505,5545,10976520
08215029GEMI,Hambrücken,2023-12-31,507,5567,10976541
08215029GEMI,Hambrücken,2024-12-31,508,5581,10976542
08215039GEMI,Kronau,2022-12-31,549,5982,10904053
08215039GEMI,Kronau,2023-12-31,546,5955,10904052
08215039GEMI,Kronau,2024-12-31,547,5969,10904053
08215040GEMI,Kürnbach,2022-12-31,185,2341,12660216
08215040GEMI,Kürnbach,2023-12-31,187,2369,12660215
08215040GEMI,Kürnbach,2024-12-31,190,2407,12660216
08215046GEMI,Malsch,2022-12-31,293,15032,51235513
08215046GEMI,Malsch,2023-12-31,294,15062,51235514
08215046GEMI,Malsch,2024-12-31,290,14880,51235512
08215047GEMI,Marxzell,2022-12-31,146,5084,34918838
08215047GEMI,Marxzell,2023-12-31,146,5083,34918838
08215047GEMI,Marxzell,2024-12-31,144,5040,34918834
08215059GEMI,"Oberderdingen, Stadt",2022-12-31,345,11568,33568528
08215059GEMI,"Oberderdingen, Stadt",2023-12-31,349,11721,33568527
08215059GEMI,"Oberderdingen, Stadt",2024-12-31,348,11690,33568517
08215064GEMI,"Östringen, Stadt",2022-12-31,251,13378,53282713
08215064GEMI,"Östringen, Stadt",2023-12-31,252,13443,53282718
08215064GEMI,"Östringen, Stadt",2024-12-31,252,13450,53282719
08215066GEMI,"Philippsburg, Stadt",2022-12-31,270,13628,50540526
08215066GEMI,"Philippsburg, Stadt",2023-12-31,270,13670,50540529
08215066GEMI,"Philippsburg, Stadt",2024-12-31,272,13748,50540535
08215082GEMI,Sulzfeld,2022-12-31,269,5052,18754338
08215082GEMI,Sulzfeld,2023-12-31,273,5127,18754338
08215082GEMI,Sulzfeld,2024-12-31,274,5131,18754339
08215084GEMI,Ubstadt-Weiher,2022-12-31,363,13239,36489441
08215084GEMI,Ubstadt-Weiher,2023-12-31,365,13302,36489443
08215084GEMI,Ubstadt-Weiher,2024-12-31,361,13178,36489445
08215089GEMI,Walzbachtal,2022-12-31,270,9913,36684330
08215089GEMI,Walzbachtal,2023-12-31,270,9919,36684332
08215089GEMI,Walzbachtal,2024-12-31,270,9904,36684332
08215090GEMI,Weingarten (Baden),2022-12-31,355,10440,29376388
08215090GEMI,Weingarten (Baden),2023-12-31,357,10480,29376388
08215090GEMI,Weingarten (Baden),2024-12-31,359,10534,29376386
08215094GEMI,Zaisenhausen,2022-12-31,184,1860,10095039
08215094GEMI,Zaisenhausen,2023-12-31,183,1848,10095038
08215094GEMI,Zaisenhausen,2024-12-31,183,1844,10095039
08215096GEMI,Karlsbad,2022-12-31,424,16130,38014216
08215096GEMI,Karlsbad,2023-12-31,422,16050,38014214
08215096GEMI,Karlsbad,2024-12-31,422,16049,38014215
08215097GEMI,"Kraichtal, Stadt",2022-12-31,182,14653,80593459
08215097GEMI,"Kraichtal, Stadt",2023-12-31,181,14595,80593450
08215097GEMI,"Kraichtal, Stadt",2024-12-31,181,14602,80593442
08215099GEMI,Graben-Neudorf,2022-12-31,422,12145,28802275
08215099GEMI,Graben-Neudorf,2023-12-31,430,12387,28802274
08215099GEMI,Graben-Neudorf,2024-12-31,432,12453,28802273
08215100GEMI,Bad Schönborn,2022-12-31,549,13239,24102575
08215100GEMI,Bad Schönborn,2023-12-31,554,13342,24102572
08215100GEMI,Bad Schönborn,2024-12-31,564,13583,24102571
08215101GEMI,Pfinztal,2022-12-31,588,18264,31052202
08215101GEMI,Pfinztal,2023-12-31,590,18324,31052176
08215101GEMI,Pfinztal,2024-12-31,585,18178,31052171
08215102GEMI,Eggenstein-Leopoldshafen,2022-12-31,651,16984,26105530
08215102GEMI,Eggenstein-Leopoldshafen,2023-12-31,646,16853,26105536
08215102GEMI,Eggenstein-Leopoldshafen,2024-12-31,643,16798,26105534
08215103GEMI,Karlsdorf-Neuthard,2022-12-31,762,10684,14017410
08215103GEMI,Karlsdorf-Neuthard,2023-12-31,763,10697,14017411
08215103GEMI,Karlsdorf-Neuthard,2024-12-31,763,10693,14017413
08215105GEMI,Linkenheim-Hochstetten,2022-12-31,523,12332,23597965
08215105GEMI,Linkenheim-Hochstetten,2023-12-31,523,12342,23597967
08215105GEMI,Linkenheim-Hochstetten,2024-12-31,529,12484,23597966
08215106GEMI,"Waghäusel, Stadt",2022-12-31,515,22076,42837623
08215106GEMI,"Waghäusel, Stadt",2023-12-31,523,22401,42837603
08215106GEMI,"Waghäusel, Stadt",2024-12-31,524,22466,42837602
08215107GEMI,Oberhausen-Rheinhausen,2022-12-31,505,9549,18922837
08215107GEMI,Oberhausen-Rheinhausen,2023-12-31,505,9563,18922842
08215107GEMI,Oberhausen-Rheinhausen,2024-12-31,505,9565,18922838
08215108GEMI,"Rheinstetten, Stadt",2022-12-31,650,21008,32311149
08215108GEMI,"Rheinstetten, Stadt",2023-12-31,651,21047,32311149
08215108GEMI,"Rheinstetten, Stadt",2024-12-31,658,21267,32311146
08215109GEMI,"Stutensee, Stadt",2022-12-31,546,24954,45678249
08215109GEMI,"Stutensee, Stadt",2023-12-31,549,25070,45678248
08215109GEMI,"Stutensee, Stadt",2024-12-31,553,25259,45678249
08215110GEMI,Waldbronn,2022-12-31,1185,13447,11347241
08215110GEMI,Waldbronn,2023-12-31,1205,13676,11347244
08215110GEMI,Waldbronn,2024-12-31,1220,13838,11347247
08215111GEMI,Dettenheim,2022-12-31,219,6771,30891786
08215111GEMI,Dettenheim,2023-12-31,219,6753,30891781
08215111GEMI,Dettenheim,2024-12-31,220,6782,30891780
08216002GEMI,Au am Rhein,2022-12-31,257,3411,13288535
08216002GEMI,Au am Rhein,2023-12-31,258,3428,13288533
08216002GEMI,Au am Rhein,2024-12-31,253,3368,13288533
08216005GEMI,Bietigheim,2022-12-31,467,6493,13897908
08216005GEMI,Bietigheim,2023-12-31,467,6488,13897909
08216005GEMI,Bietigheim,2024-12-31,465,6468,13897908
08216006GEMI,Bischweier,2022-12-31,656,3015,4595047
08216006GEMI,Bischweier,2023-12-31,643,2954,4595046
08216006GEMI,Bischweier,2024-12-31,654,3003,4595032
08216007GEMI,"Bühl, Stadt",2022-12-31,394,28817,73176777
08216007GEMI,"Bühl, Stadt",2023-12-31,395,28910,73176777
08216007GEMI,"Bühl, Stadt",2024-12-31,391,28608,73176726
08216008GEMI,Bühlertal,2022-12-31,443,7821,17672910
08216008GEMI,Bühlertal,2023-12-31,444,7848,17672910
08216008GEMI,Bühlertal,2024-12-31,439,7764,17672907
08216009GEMI,Durmersheim,2022-12-31,454,11790,25972594
08216009GEMI,Durmersheim,2023-12-31,456,11853,25972598
08216009GEMI,Durmersheim,2024-12-31,454,11780,25972598
08216012GEMI,Elchesheim-Illingen,2022-12-31,319,3229,10134368
08216012GEMI,Elchesheim-Illingen,2023-12-31,316,3204,10134362
08216012GEMI,Elchesheim-Illingen,2024-12-31,322,3262,10134364
08216013GEMI,Forbach,2022-12-31,34,4518,131863892
08216013GEMI,Forbach,2023-12-31,34,4466,131863893
08216013GEMI,Forbach,2024-12-31,35,4562,131863975
08216015GEMI,"Gaggenau, Stadt",2022-12-31,456,29624,65011454
08216015GEMI,"Gaggenau, Stadt",2023-12-31,455,29571,65011453
08216015GEMI,"Gaggenau, Stadt",2024-12-31,454,29529,65011455
08216017GEMI,"Gernsbach, Stadt",2022-12-31,174,14250,82028806
08216017GEMI,"Gernsbach, Stadt",2023-12-31,174,14286,82028807
08216017GEMI,"Gernsbach, Stadt",2024-12-31,176,14405,82029193
08216022GEMI,Hügelsheim,2022-12-31,337,5029,14905042
08216022GEMI,Hügelsheim,2023-12-31,337,5030,14905040
08216022GEMI,Hügelsheim,2024-12-31,335,4999,14905038
08216023GEMI,Iffezheim,2022-12-31,262,5213,19913957
08216023GEMI,Iffezheim,2023-12-31,262,5219,19913936
08216023GEMI,Iffezheim,2024-12-31,262,5219,19913933
08216024GEMI,"Kuppenheim, Stadt",2022-12-31,457,8256,18079580
08216024GEMI,"Kuppenheim, Stadt",2023-12-31,459,8303,18079582
08216024GEMI,"Kuppenheim, Stadt",2024-12-31,455,8224,18079589
08216028GEMI,"Lichtenau, Stadt",2022-12-31,180,4979,27615050
08216028GEMI,"Lichtenau, Stadt",2023-12-31,181,4997,27615052
08216028GEMI,"Lichtenau, Stadt",2024-12-31,182,5015,27615081
08216029GEMI,Loffenau,2022-12-31,149,2540,17062785
08216029GEMI,Loffenau,2023-12-31,146,2483,17062785
08216029GEMI,Loffenau,2024-12-31,146,2491,17062420
08216033GEMI,Muggensturm,2022-12-31,529,6119,11557938
08216033GEMI,Muggensturm,2023-12-31,525,6072,11557938
08216033GEMI,Muggensturm,2024-12-31,528,6103,11557940
08216039GEMI,Ötigheim,2022-12-31,453,4973,10979027
08216039GEMI,Ötigheim,2023-12-31,466,5114,10979024
08216039GEMI,Ötigheim,2024-12-31,465,5110,10979025
08216041GEMI,Ottersweier,2022-12-31,219,6394,29214376
08216041GEMI,Ottersweier,2023-12-31,218,6379,29214375
08216041GEMI,Ottersweier,2024-12-31,217,6350,29214384
08216043GEMI,"Rastatt, Stadt",2022-12-31,857,50537,58979762
08216043GEMI,"Rastatt, Stadt",2023-12-31,866,51073,58979740
08216043GEMI,"Rastatt, Stadt",2024-12-31,860,50741,58979736
08216049GEMI,Sinzheim,2022-12-31,403,11487,28497166
08216049GEMI,Sinzheim,2023-12-31,406,11567,28497168
08216049GEMI,Sinzheim,2024-12-31,407,11608,28497166
08216052GEMI,Steinmauern,2022-12-31,257,3185,12415091
08216052GEMI,Steinmauern,2023-12-31,257,3186,12415091
08216052GEMI,Steinmauern,2024-12-31,258,3201,12415091
08216059GEMI,Weisenbach,2022-12-31,271,2461,9071956
08216059GEMI,Weisenbach,2023-12-31,268,2427,9071958
08216059GEMI,Weisenbach,2024-12-31,265,2400,9071957
08216063GEMI,Rheinmünster,2022-12-31,154,6557,42499380
08216063GEMI,Rheinmünster,2023-12-31,153,6498,42499379
08216063GEMI,Rheinmünster,2024-12-31,154,6527,42499383
08221000GEMI,"Heidelberg, Stadt",2022-12-31,1420,154570,108831378
08221000GEMI,"Heidelberg, Stadt",2023-12-31,1426,155175,108831303
08221000GEMI,"Heidelberg, Stadt",2024-12-31,1431,155756,108831317
08222000GEMI,"Mannheim, Universitätsstadt",2022-12-31,2173,314961,144971976
08222000GEMI,"Mannheim, Universitätsstadt",2023-12-31,2181,316256,144972012
08222000GEMI,"Mannheim, Universitätsstadt",2024-12-31,2194,318035,144972038
08225001GEMI,"Adelsheim, Stadt",2022-12-31,116,5070,43837906
08225001GEMI,"Adelsheim, Stadt",2023-12-31,117,5127,43837905
08225001GEMI,"Adelsheim, Stadt",2024-12-31,119,5207,43837909
08225002GEMI,Aglasterhausen,2022-12-31,212,4848,22839963
08225002GEMI,Aglasterhausen,2023-12-31,213,4871,22839964
08225002GEMI,Aglasterhausen,2024-12-31,211,4825,22839964
08225009GEMI,Billigheim,2022-12-31,123,6021,48942160
08225009GEMI,Billigheim,2023-12-31,124,6061,48942162
08225009GEMI,Billigheim,2024-12-31,124,6063,48942163
08225010GEMI,Binau,2022-12-31,278,1343,4829567
08225010GEMI,Binau,2023-12-31,275,1329,4829568
08225010GEMI,Binau,2024-12-31,274,1323,4829558
08225014GEMI,"Buchen (Odenwald), Stadt",2022-12-31,131,18162,138928202
08225014GEMI,"Buchen (Odenwald), Stadt",2023-12-31,132,18349,138928201
08225014GEMI,"Buchen (Odenwald), Stadt",2024-12-31,131,18226,138928208
08225024GEMI,Fahrenbach,2022-12-31,164,2696,16410628
08225024GEMI,Fahrenbach,2023-12-31,163,2668,16410629
08225024GEMI,Fahrenbach,2024-12-31,161,2636,16410630
08225032GEMI,Hardheim,2022-12-31,78,6794,87077545
08225032GEMI,Hardheim,2023-12-31,78,6833,87077547
08225032GEMI,Hardheim,2024-12-31,78,6802,87077546
08225033GEMI,Haßmersheim,2022-12-31,259,4969,19149848
08225033GEMI,Haßmersheim,2023-12-31,262,5008,19149847
08225033GEMI,Haßmersheim,2024-12-31,264,5052,19149846
08225039GEMI,Höpfingen,2022-12-31,101,3069,30481261
08225039GEMI,Höpfingen,2023-12-31,100,3060,30481259
08225039GEMI,Höpfingen,2024-12-31,101,3067,30481258
08225042GEMI,Hüffenhardt,2022-12-31,113,1993,17617477
08225042GEMI,Hüffenhardt,2023-12-31,117,2069,17617476
08225042GEMI,Hüffenhardt,2024-12-31,118,2077,17617478
08225052GEMI,Limbach,2022-12-31,102,4466,43585774
08225052GEMI,Limbach,2023-12-31,103,4478,43585776
08225052GEMI,Limbach,2024-12-31,104,4513,43585762
08225058GEMI,"Mosbach, Stadt",2022-12-31,393,24430,62159824
08225058GEMI,"Mosbach, Stadt",2023-12-31,396,24592,62159824
08225058GEMI,"Mosbach, Stadt",2024-12-31,393,24459,62159828
08225060GEMI,Mudau,2022-12-31,46,4899,107494803
08225060GEMI,Mudau,2023-12-31,46,4935,107494809
08225060GEMI,Mudau,2024-12-31,46,4936,107494811
08225064GEMI,Neckargerach,2022-12-31,149,2277,15306763
08225064GEMI,Neckargerach,2023-12-31,149,2288,15306761
08225064GEMI,Neckargerach,2024-12-31,148,2266,15306761
08225067GEMI,Neckarzimmern,2022-12-31,174,1421,8174174
08225067GEMI,Neckarzimmern,2023-12-31,173,1418,8174174
08225067GEMI,Neckarzimmern,2024-12-31,172,1407,8174172
08225068GEMI,Neunkirchen,2022-12-31,115,1839,15922732
08225068GEMI,Neunkirchen,2023-12-31,117,1858,15922731
08225068GEMI,Neunkirchen,2024-12-31,115,1829,15922734
08225074GEMI,Obrigheim,2022-12-31,221,5348,24252198
08225074GEMI,Obrigheim,2023-12-31,222,5379,24252198
08225074GEMI,Obrigheim,2024-12-31,221,5357,24252199
08225075GEMI,"Osterburken, Stadt",2022-12-31,139,6580,47322799
08225075GEMI,"Osterburken, Stadt",2023-12-31,139,6570,47322798
08225075GEMI,"Osterburken, Stadt",2024-12-31,140,6639,47322796
08225082GEMI,Rosenberg,2022-12-31,50,2045,40942671
08225082GEMI,Rosenberg,2023-12-31,50,2052,40942670
08225082GEMI,Rosenberg,2024-12-31,49,2021,40942668
08225091GEMI,Seckach,2022-12-31,144,4000,27850763
08225091GEMI,Seckach,2023-12-31,145,4037,27850762
08225091GEMI,Seckach,2024-12-31,143,3978,27850765
08225109GEMI,"Walldürn, Stadt",2022-12-31,110,11660,105906716
08225109GEMI,"Walldürn, Stadt",2023-12-31,110,11622,105906711
08225109GEMI,"Walldürn, Stadt",2024-12-31,110,11614,105906716
08225113GEMI,Zwingenberg,2022-12-31,137,647,4715335
08225113GEMI,Zwingenberg,2023-12-31,135,637,4715335
08225113GEMI,Zwingenberg,2024-12-31,133,625,4715336
08225114GEMI,"Ravenstein, Stadt",2022-12-31,54,3011,55968601
08225114GEMI,"Ravenstein, Stadt",2023-12-31,54,3010,55968604
08225114GEMI,"Ravenstein, Stadt",2024-12-31,54,2999,55968601
08225115GEMI,Schefflenz,2022-12-31,105,3881,36963948
08225115GEMI,Schefflenz,2023-12-31,106,3915,36963954
08225115GEMI,Schefflenz,2024-12-31,106,3933,36963954
08225116GEMI,Schwarzach,2022-12-31,361,3020,8358834
08225116GEMI,Schwarzach,2023-12-31,354,2959,8358833
08225116GEMI,Schwarzach,2024-12-31,350,2925,8358832
08225117GEMI,Elztal,2022-12-31,125,5826,46619849
08225117GEMI,Elztal,2023-12-31,126,5857,46619841
08225117GEMI,Elztal,2024-12-31,125,5814,46619836
08225118GEMI,Waldbrunn,2022-12-31,107,4724,44285960
08225118GEMI,Waldbrunn,2023-12-31,106,4699,44285965
08225118GEMI,Waldbrunn,2024-12-31,105,4670,44285967
08226003GEMI,Altlußheim,2022-12-31,392,6252,15960765
08226003GEMI,Altlußheim,2023-12-31,397,6331,15960766
08226003GEMI,Altlußheim,2024-12-31,396,6317,15960764
08226006GEMI,Bammental,2022-12-31,525,6378,12157985
08226006GEMI,Bammental,2023-12-31,523,6358,12158014
08226006GEMI,Bammental,2024-12-31,516,6278,12158015
08226009GEMI,Brühl,2022-12-31,1404,14310,10190003
08226009GEMI,Brühl,2023-12-31,1404,14309,10190002
08226009GEMI,Brühl,2024-12-31,1406,14328,10190003
08226010GEMI,Dielheim,2022-12-31,407,9233,22665945
08226010GEMI,Dielheim,2023-12-31,403,9145,22665948
08226010GEMI,Dielheim,2024-12-31,401,9094,22665946
08226012GEMI,Dossenheim,2022-12-31,896,12679,14154399
08226012GEMI,Dossenheim,2023-12-31,892,12632,14154398
08226012GEMI,Dossenheim,2024-12-31,897,12690,14154397
08226013GEMI,"Eberbach, Stadt",2022-12-31,180,14623,81146364
08226013GEMI,"Eberbach, Stadt",2023-12-31,180,14617,81146360
08226013GEMI,"Eberbach, Stadt",2024-12-31,181,14727,81146353
08226017GEMI,Epfenbach,2022-12-31,186,2410,12967024
08226017GEMI,Epfenbach,2023-12-31,186,2410,12967024
08226017GEMI,Epfenbach,2024-12-31,189,2448,12967024
08226018GEMI,"Eppelheim, Stadt",2022-12-31,2764,15749,5697390
08226018GEMI,"Eppelheim, Stadt",2023-12-31,2766,15757,5697391
08226018GEMI,"Eppelheim, Stadt",2024-12-31,2749,15663,5697390
08226020GEMI,Eschelbronn,2022-12-31,333,2740,8234754
08226020GEMI,Eschelbronn,2023-12-31,339,2788,8234754
08226020GEMI,Eschelbronn,2024-12-31,332,2733,8234752
08226022GEMI,Gaiberg,2022-12-31,561,2326,4146361
08226022GEMI,Gaiberg,2023-12-31,570,2363,4146329
08226022GEMI,Gaiberg,2024-12-31,598,2480,4146331
08226027GEMI,Heddesbach,2022-12-31,59,487,8209768
08226027GEMI,Heddesbach,2023-12-31,59,485,8209768
08226027GEMI,Heddesbach,2024-12-31,57,472,8209776
08226028GEMI,Heddesheim,2022-12-31,827,12164,14705423
08226028GEMI,Heddesheim,2023-12-31,834,12266,14705419
08226028GEMI,Heddesheim,2024-12-31,836,12294,14705421
08226029GEMI,Heiligkreuzsteinach,2022-12-31,133,2615,19602423
08226029GEMI,Heiligkreuzsteinach,2023-12-31,131,2574,19602423
08226029GEMI,Heiligkreuzsteinach,2024-12-31,133,2614,19602424
08226031GEMI,"Hemsbach, Stadt",2022-12-31,929,11942,12853680
08226031GEMI,"Hemsbach, Stadt",2023-12-31,933,11994,12853699
08226031GEMI,"Hemsbach, Stadt",2024-12-31,927,11915,12853698
08226032GEMI,"Hockenheim, Stadt",2022-12-31,621,21629,34837581
08226032GEMI,"Hockenheim, Stadt",2023-12-31,618,21523,34837579
08226032GEMI,"Hockenheim, Stadt",2024-12-31,621,21623,34837581
08226036GEMI,Ilvesheim,2022-12-31,1562,9205,5892922
08226036GEMI,Ilvesheim,2023-12-31,1560,9191,5892917
08226036GEMI,Ilvesheim,2024-12-31,1562,9207,5892914
08226037GEMI,Ketsch,2022-12-31,797,13167,16518357
08226037GEMI,Ketsch,2023-12-31,798,13187,16518356
08226037GEMI,Ketsch,2024-12-31,794,13117,16518359
08226038GEMI,"Ladenburg, Stadt",2022-12-31,666,12646,18999655
08226038GEMI,"Ladenburg, Stadt",2023-12-31,676,12838,18999658
08226038GEMI,"Ladenburg, Stadt",2024-12-31,680,12914,18999660
08226040GEMI,Laudenbach,2022-12-31,631,6491,10287831
08226040GEMI,Laudenbach,2023-12-31,633,6514,10287829
08226040GEMI,Laudenbach,2024-12-31,639,6573,10287812
08226041GEMI,"Leimen, Stadt",2022-12-31,1298,26793,20637857
08226041GEMI,"Leimen, Stadt",2023-12-31,1306,26944,20637857
08226041GEMI,"Leimen, Stadt",2024-12-31,1302,26873,20637864
08226046GEMI,Malsch,2022-12-31,507,3430,6768366
08226046GEMI,Malsch,2023-12-31,503,3404,6768366
08226046GEMI,Malsch,2024-12-31,514,3478,6768365
08226048GEMI,Mauer,2022-12-31,657,4137,6294455
08226048GEMI,Mauer,2023-12-31,657,4135,6294455
08226048GEMI,Mauer,2024-12-31,647,4073,6294465
08226049GEMI,Meckesheim,2022-12-31,326,5318,16326468
08226049GEMI,Meckesheim,2023-12-31,323,5279,16326466
08226049GEMI,Meckesheim,2024-12-31,325,5298,16326467
08226054GEMI,Mühlhausen,2022-12-31,574,8778,15303139
08226054GEMI,Mühlhausen,2023-12-31,575,8803,15303142
08226054GEMI,Mühlhausen,2024-12-31,572,8753,15303137
08226055GEMI,"Neckarbischofsheim, Stadt",2022-12-31,158,4185,26405099
08226055GEMI,"Neckarbischofsheim, Stadt",2023-12-31,158,4169,26405100
08226055GEMI,"Neckarbischofsheim, Stadt",2024-12-31,159,4195,26405098
08226056GEMI,"Neckargemünd, Stadt",2022-12-31,509,13318,26161060
08226056GEMI,"Neckargemünd, Stadt",2023-12-31,511,13368,26161062
08226056GEMI,"Neckargemünd, Stadt",2024-12-31,510,13335,26161061
08226058GEMI,Neidenstein,2022-12-31,273,1771,6481058
08226058GEMI,Neidenstein,2023-12-31,274,1777,6481058
08226058GEMI,Neidenstein,2024-12-31,273,1769,6481058
08226059GEMI,Neulußheim,2022-12-31,2104,7121,3384730
08226059GEMI,Neulußheim,2023-12-31,2107,7130,3384727
08226059GEMI,Neulußheim,2024-12-31,2116,7162,3384729
08226060GEMI,Nußloch,2022-12-31,836,11350,13584367
08226060GEMI,Nußloch,2023-12-31,837,11364,13584367
08226060GEMI,Nußloch,2024-12-31,841,11418,13584370
08226062GEMI,Oftersheim,2022-12-31,957,12220,12775677
08226062GEMI,Oftersheim,2023-12-31,959,12253,12775677
08226062GEMI,Oftersheim,2024-12-31,961,12272,12775677
08226063GEMI,Plankstadt,2022-12-31,1228,10442,8503419
08226063GEMI,Plankstadt,2023-12-31,1241,10550,8503420
08226063GEMI,Plankstadt,2024-12-31,1252,10644,8503417
08226065GEMI,"Rauenberg, Stadt",2022-12-31,786,8737,11118990
08226065GEMI,"Rauenberg, Stadt",2023-12-31,785,8728,11118987
08226065GEMI,"Rauenberg, Stadt",2024-12-31,780,8675,11118991
08226066GEMI,Reichartshausen,2022-12-31,213,2125,9999499
08226066GEMI,Reichartshausen,2023-12-31,215,2152,9999502
08226066GEMI,Reichartshausen,2024-12-31,215,2154,9999523
08226068GEMI,Reilingen,2022-12-31,498,8135,16346185
08226068GEMI,Reilingen,2023-12-31,509,8328,16346187
08226068GEMI,Reilingen,2024-12-31,514,8404,16346187
08226076GEMI,Sandhausen,2022-12-31,1056,15368,14552038
08226076GEMI,Sandhausen,2023-12-31,1054,15340,14552037
08226076GEMI,Sandhausen,2024-12-31,1053,15330,14552036
08226080GEMI,"Schönau, Stadt",2022-12-31,197,4424,22489698
08226080GEMI,"Schönau, Stadt",2023-12-31,193,4351,22489716
08226080GEMI,"Schönau, Stadt",2024-12-31,194,4369,22489717
08226081GEMI,Schönbrunn,2022-12-31,84,2889,34474960
08226081GEMI,Schönbrunn,2023-12-31,85,2916,34474954
08226081GEMI,Schönbrunn,2024-12-31,84,2901,34474934
08226082GEMI,"Schriesheim, Stadt",2022-12-31,479,15145,31610509
08226082GEMI,"Schriesheim, Stadt",2023-12-31,486,15368,31610484
08226082GEMI,"Schriesheim, Stadt",2024-12-31,481,15209,31610482
08226084GEMI,"Schwetzingen, Stadt",2022-12-31,1022,21988,21504935
08226084GEMI,"Schwetzingen, Stadt",2023-12-31,1002,21549,21504938
08226084GEMI,"Schwetzingen, Stadt",2024-12-31,1012,21767,21504937
08226085GEMI,"Sinsheim, Stadt",2022-12-31,291,36894,126987161
08226085GEMI,"Sinsheim, Stadt",2023-12-31,294,37283,126987154
08226085GEMI,"Sinsheim, Stadt",2024-12-31,292,37036,126987163
08226086GEMI,Spechbach,2022-12-31,199,1697,8520594
08226086GEMI,Spechbach,2023-12-31,206,1757,8520594
08226086GEMI,Spechbach,2024-12-31,207,1761,8520595
08226091GEMI,"Waibstadt, Stadt",2022-12-31,226,5779,25574657
08226091GEMI,"Waibstadt, Stadt",2023-12-31,225,5766,25574657
08226091GEMI,"Waibstadt, Stadt",2024-12-31,227,5794,25574659
08226095GEMI,"Walldorf, Stadt",2022-12-31,807,16066,19906810
08226095GEMI,"Walldorf, Stadt",2023-12-31,812,16174,19906810
08226095GEMI,"Walldorf, Stadt",2024-12-31,813,16188,19906810
08226096GEMI,"Weinheim, Stadt",2022-12-31,786,45658,58108849
08226096GEMI,"Weinheim, Stadt",2023-12-31,788,45775,58108853
08226096GEMI,"Weinheim, Stadt",2024-12-31,789,45852,58108852
08226097GEMI,Wiesenbach,2022-12-31,284,3161,11134478
08226097GEMI,Wiesenbach,2023-12-31,283,3153,11134478
08226097GEMI,Wiesenbach,2024-12-31,286,3181,11134479
08226098GEMI,"Wiesloch, Stadt",2022-12-31,906,27406,30244020
08226098GEMI,"Wiesloch, Stadt",2023-12-31,910,27507,30244019
08226098GEMI,"Wiesloch, Stadt",2024-12-31,917,27731,30244015
08226099GEMI,Wilhelmsfeld,2022-12-31,675,3208,4754849
08226099GEMI,Wilhelmsfeld,2023-12-31,700,3328,4754827
08226099GEMI,Wilhelmsfeld,2024-12-31,701,3332,4754827
08226101GEMI,Zuzenhausen,2022-12-31,196,2284,11638597
08226101GEMI,Zuzenhausen,2023-12-31,200,2332,11638598
08226101GEMI,Zuzenhausen,2024-12-31,201,2343,11638596
08226102GEMI,Angelbachtal,2022-12-31,289,5177,17923445
08226102GEMI,Angelbachtal,2023-12-31,292,5238,17923448
08226102GEMI,Angelbachtal,2024-12-31,296,5299,17923446
08226103GEMI,St. Leon-Rot,2022-12-31,546,13953,25561469
08226103GEMI,St. Leon-Rot,2023-12-31,548,14004,25561470
08226103GEMI,St. Leon-Rot,2024-12-31,547,13979,25561470
08226104GEMI,Lobbach,2022-12-31,160,2380,14908858
08226104GEMI,Lobbach,2023-12-31,159,2368,14908858
08226104GEMI,Lobbach,2024-12-31,158,2353,14908859
08226105GEMI,Edingen-Neckarhausen,2022-12-31,1196,14394,12038258
08226105GEMI,Edingen-Neckarhausen,2023-12-31,1199,14432,12038171
08226105GEMI,Edingen-Neckarhausen,2024-12-31,1214,14612,12038173
08226106GEMI,Helmstadt-Bargen,2022-12-31,137,3840,27946015
08226106GEMI,Helmstadt-Bargen,2023-12-31,138,3868,27946014
08226106GEMI,Helmstadt-Bargen,2024-12-31,139,3887,27946008
08226107GEMI,Hirschberg an der Bergstraße,2022-12-31,785,9699,12350952
08226107GEMI,Hirschberg an der Bergstraße,2023-12-31,781,9644,12350946
08226107GEMI,Hirschberg an der Bergstraße,2024-12-31,781,9647,12350948
08231000GEMI,"Pforzheim, Stadt",2022-12-31,1366,133896,97986345
08231000GEMI,"Pforzheim, Stadt",2023-12-31,1379,135087,97986315
08231000GEMI,"Pforzheim, Stadt",2024-12-31,1377,134912,97986300
08235006GEMI,"Altensteig, Stadt",2022-12-31,204,10847,53188314
08235006GEMI,"Altensteig, Stadt",2023-12-31,205,10917,53188237
08235006GEMI,"Altensteig, Stadt",2024-12-31,203,10798,53188235
08235007GEMI,Althengstett,2022-12-31,406,7787,19157614
08235007GEMI,Althengstett,2023-12-31,414,7935,19157640
08235007GEMI,Althengstett,2024-12-31,412,7886,19157672
08235008GEMI,"Bad Liebenzell, Stadt",2022-12-31,274,9265,33779145
08235008GEMI,"Bad Liebenzell, Stadt",2023-12-31,275,9302,33779145
08235008GEMI,"Bad Liebenzell, Stadt",2024-12-31,275,9301,33779153
08235018GEMI,Dobel,2022-12-31,127,2333,18409043
08235018GEMI,Dobel,2023-12-31,124,2290,18409044
08235018GEMI,Dobel,2024-12-31,125,2297,18409034
08235020GEMI,Ebhausen,2022-12-31,193,4747,24561391
08235020GEMI,Ebhausen,2023-12-31,196,4824,24561392
08235020GEMI,Ebhausen,2024-12-31,199,4890,24561512
08235022GEMI,Egenhausen,2022-12-31,203,2029,10015248
08235022GEMI,Egenhausen,2023-12-31,207,2077,10015248
08235022GEMI,Egenhausen,2024-12-31,210,2099,10015247
08235025GEMI,Enzklösterle,2022-12-31,67,1349,20183539
08235025GEMI,Enzklösterle,2023-12-31,65,1319,20183676
08235025GEMI,Enzklösterle,2024-12-31,61,1240,20183678
08235029GEMI,Gechingen,2022-12-31,247,3626,14678963
08235029GEMI,Gechingen,2023-12-31,249,3659,14678939
08235029GEMI,Gechingen,2024-12-31,247,3621,14678855
08235032GEMI,"Haiterbach, Stadt",2022-12-31,203,5860,28915939
08235032GEMI,"Haiterbach, Stadt",2023-12-31,203,5884,28915937
08235032GEMI,"Haiterbach, Stadt",2024-12-31,203,5872,28915934
08235033GEMI,"Bad Herrenalb, Stadt",2022-12-31,229,7567,33009081
08235033GEMI,"Bad Herrenalb, Stadt",2023-12-31,231,7640,33009082
08235033GEMI,"Bad Herrenalb, Stadt",2024-12-31,233,7694,33009081
08235035GEMI,Höfen an der Enz,2022-12-31,179,1623,9069683
08235035GEMI,Höfen an der Enz,2023-12-31,179,1622,9069683
08235035GEMI,Höfen an der Enz,2024-12-31,179,1620,9069685
08235046GEMI,"Nagold, Stadt",2022-12-31,371,23435,63095115
08235046GEMI,"Nagold, Stadt",2023-12-31,377,23781,63095097
08235046GEMI,"Nagold, Stadt",2024-12-31,378,23864,63095103
08235047GEMI,"Neubulach, Stadt",2022-12-31,231,5703,24685283
08235047GEMI,"Neubulach, Stadt",2023-12-31,232,5726,24685284
08235047GEMI,"Neubulach, Stadt",2024-12-31,231,5713,24685288
08235050GEMI,Neuweiler,2022-12-31,61,3139,51286039
08235050GEMI,Neuweiler,2023-12-31,61,3136,51286040
08235050GEMI,Neuweiler,2024-12-31,61,3133,51286037
08235055GEMI,Oberreichenbach,2022-12-31,83,2976,35975978
08235055GEMI,Oberreichenbach,2023-12-31,84,3028,35975976
08235055GEMI,Oberreichenbach,2024-12-31,84,3015,35975969
08235057GEMI,Ostelsheim,2022-12-31,273,2525,9233554
08235057GEMI,Ostelsheim,2023-12-31,272,2515,9233584
08235057GEMI,Ostelsheim,2024-12-31,276,2549,9233587
08235060GEMI,Rohrdorf,2022-12-31,493,1935,3923892
08235060GEMI,Rohrdorf,2023-12-31,494,1939,3923893
08235060GEMI,Rohrdorf,2024-12-31,507,1990,3923893
08235065GEMI,Schömberg,2022-12-31,206,7678,37210667
08235065GEMI,Schömberg,2023-12-31,206,7667,37210664
08235065GEMI,Schömberg,2024-12-31,205,7620,37210661
08235066GEMI,Simmersfeld,2022-12-31,51,2240,44161030
08235066GEMI,Simmersfeld,2023-12-31,50,2207,44161112
08235066GEMI,Simmersfeld,2024-12-31,50,2206,44161105
08235067GEMI,Simmozheim,2022-12-31,300,2856,9507912
08235067GEMI,Simmozheim,2023-12-31,297,2825,9507854
08235067GEMI,Simmozheim,2024-12-31,300,2848,9507863
08235073GEMI,Unterreichenbach,2022-12-31,375,2362,6304271
08235073GEMI,Unterreichenbach,2023-12-31,377,2374,6304270
08235073GEMI,Unterreichenbach,2024-12-31,382,2409,6304272
08235079GEMI,"Bad Wildbad, Stadt",2022-12-31,98,10317,105219142
08235079GEMI,"Bad Wildbad, Stadt",2023-12-31,99,10430,105219007
08235079GEMI,"Bad Wildbad, Stadt",2024-12-31,99,10388,105218993
08235080GEMI,"Wildberg, Stadt",2022-12-31,178,10081,56675993
08235080GEMI,"Wildberg, Stadt",2023-12-31,177,10009,56675992
08235080GEMI,"Wildberg, Stadt",2024-12-31,176,9977,56675878
08235084GEMI,"Bad Teinach-Zavelstein, Stadt",2022-12-31,125,3138,25169523
08235084GEMI,"Bad Teinach-Zavelstein, Stadt",2023-12-31,124,3132,25169520
08235084GEMI,"Bad Teinach-Zavelstein, Stadt",2024-12-31,128,3220,25169524
08235085GEMI,"Calw, Stadt",2022-12-31,413,24721,59877256
08235085GEMI,"Calw, Stadt",2023-12-31,417,24943,59877268
08235085GEMI,"Calw, Stadt",2024-12-31,418,25001,59877325
08236004GEMI,Birkenfeld,2022-12-31,537,10223,19039947
08236004GEMI,Birkenfeld,2023-12-31,539,10255,19039936
08236004GEMI,Birkenfeld,2024-12-31,537,10224,19039957
08236011GEMI,Eisingen,2022-12-31,572,4593,8035639
08236011GEMI,Eisingen,2023-12-31,577,4640,8035639
08236011GEMI,Eisingen,2024-12-31,578,4648,8035640
08236013GEMI,Engelsbrand,2022-12-31,291,4423,15176254
08236013GEMI,Engelsbrand,2023-12-31,291,4423,15176253
08236013GEMI,Engelsbrand,2024-12-31,295,4470,15176247
08236019GEMI,Friolzheim,2022-12-31,476,4063,8538398
08236019GEMI,Friolzheim,2023-12-31,471,4023,8538398
08236019GEMI,Friolzheim,2024-12-31,476,4062,8538400
08236025GEMI,"Heimsheim, Stadt",2022-12-31,381,5448,14297557
08236025GEMI,"Heimsheim, Stadt",2023-12-31,385,5499,14297558
08236025GEMI,"Heimsheim, Stadt",2024-12-31,387,5530,14297557
08236028GEMI,Illingen,2022-12-31,264,7748,29393520
08236028GEMI,Illingen,2023-12-31,266,7823,29393522
08236028GEMI,Illingen,2024-12-31,265,7791,29393523
08236030GEMI,Ispringen,2022-12-31,709,5824,8216963
08236030GEMI,Ispringen,2023-12-31,718,5900,8216963
08236030GEMI,Ispringen,2024-12-31,726,5968,8216964
08236031GEMI,Kieselbronn,2022-12-31,346,2983,8629082
08236031GEMI,Kieselbronn,2023-12-31,348,3000,8629084
08236031GEMI,Kieselbronn,2024-12-31,339,2923,8629083
08236033GEMI,"Knittlingen, Stadt",2022-12-31,308,8106,26328679
08236033GEMI,"Knittlingen, Stadt",2023-12-31,306,8059,26328676
08236033GEMI,"Knittlingen, Stadt",2024-12-31,311,8188,26328691
08236038GEMI,"Maulbronn, Stadt",2022-12-31,252,6393,25400261
08236038GEMI,"Maulbronn, Stadt",2023-12-31,255,6471,25400261
08236038GEMI,"Maulbronn, Stadt",2024-12-31,254,6452,25400261
08236039GEMI,Mönsheim,2022-12-31,178,2990,16793080
08236039GEMI,Mönsheim,2023-12-31,176,2956,16793081
08236039GEMI,Mönsheim,2024-12-31,174,2924,16793080
08236040GEMI,"Mühlacker, Stadt",2022-12-31,489,26576,54323831
08236040GEMI,"Mühlacker, Stadt",2023-12-31,494,26852,54323830
08236040GEMI,"Mühlacker, Stadt",2024-12-31,493,26787,54323832
08236043GEMI,"Neuenbürg, Stadt",2022-12-31,291,8199,28152135
08236043GEMI,"Neuenbürg, Stadt",2023-12-31,293,8248,28152137
08236043GEMI,"Neuenbürg, Stadt",2024-12-31,290,8162,28152132
08236044GEMI,Neuhausen,2022-12-31,174,5167,29750211
08236044GEMI,Neuhausen,2023-12-31,173,5141,29750210
08236044GEMI,Neuhausen,2024-12-31,171,5095,29750211
08236046GEMI,Niefern-Öschelbronn,2022-12-31,565,12446,22018679
08236046GEMI,Niefern-Öschelbronn,2023-12-31,567,12492,22018678
08236046GEMI,Niefern-Öschelbronn,2024-12-31,563,12402,22018682
08236050GEMI,Ötisheim,2022-12-31,325,4634,14259134
08236050GEMI,Ötisheim,2023-12-31,335,4782,14259133
08236050GEMI,Ötisheim,2024-12-31,334,4761,14259133
08236061GEMI,Sternenfels,2022-12-31,162,2814,17319842
08236061GEMI,Sternenfels,2023-12-31,162,2800,17319841
08236061GEMI,Sternenfels,2024-12-31,162,2802,17319844
08236062GEMI,Tiefenbronn,2022-12-31,357,5275,14783459
08236062GEMI,Tiefenbronn,2023-12-31,361,5331,14783458
08236062GEMI,Tiefenbronn,2024-12-31,360,5315,14783463
08236065GEMI,Wiernsheim,2022-12-31,274,6741,24618680
08236065GEMI,Wiernsheim,2023-12-31,276,6792,24618680
08236065GEMI,Wiernsheim,2024-12-31,275,6778,24618680
08236067GEMI,Wimsheim,2022-12-31,344,2773,8059783
08236067GEMI,Wimsheim,2023-12-31,346,2789,8059782
08236067GEMI,Wimsheim,2024-12-31,351,2831,8059784
08236068GEMI,Wurmberg,2022-12-31,441,3241,7354149
08236068GEMI,Wurmberg,2023-12-31,445,3276,7354148
08236068GEMI,Wurmberg,2024-12-31,444,3264,7354148
08236070GEMI,Keltern,2022-12-31,293,8733,29816620
08236070GEMI,Keltern,2023-12-31,293,8738,29816621
08236070GEMI,Keltern,2024-12-31,292,8693,29816629
08236071GEMI,Remchingen,2022-12-31,494,11882,24056528
08236071GEMI,Remchingen,2023-12-31,491,11823,24056529
08236071GEMI,Remchingen,2024-12-31,490,11798,24056529
08236072GEMI,Straubenhardt,2022-12-31,342,11319,33080923
08236072GEMI,Straubenhardt,2023-12-31,343,11331,33080923
08236072GEMI,Straubenhardt,2024-12-31,344,11367,33080917
08236073GEMI,Neulingen,2022-12-31,284,6598,23194677
08236073GEMI,Neulingen,2023-12-31,285,6601,23194679
08236073GEMI,Neulingen,2024-12-31,282,6543,23194674
08236074GEMI,Kämpfelbach,2022-12-31,459,6254,13616638
08236074GEMI,Kämpfelbach,2023-12-31,460,6260,13616635
08236074GEMI,Kämpfelbach,2024-12-31,461,6283,13616636
08236075GEMI,Ölbronn-Dürrn,2022-12-31,220,3436,15636769
08236075GEMI,Ölbronn-Dürrn,2023-12-31,222,3468,15636769
08236075GEMI,Ölbronn-Dürrn,2024-12-31,223,3483,15636769
08236076GEMI,Königsbach-Stein,2022-12-31,299,10068,33708810
08236076GEMI,Königsbach-Stein,2023-12-31,300,10105,33708811
08236076GEMI,Königsbach-Stein,2024-12-31,303,10201,33708812
08237002GEMI,"Alpirsbach, Stadt",2022-12-31,95,6157,64555147
08237002GEMI,"Alpirsbach, Stadt",2023-12-31,96,6223,64555142
08237002GEMI,"Alpirsbach, Stadt",2024-12-31,95,6114,64555168
08237004GEMI,Baiersbronn,2022-12-31,81,15433,189583822
08237004GEMI,Baiersbronn,2023-12-31,82,15621,189583816
08237004GEMI,Baiersbronn,2024-12-31,82,15465,189583824
08237019GEMI,"Dornstetten, Stadt",2022-12-31,340,8226,24195579
08237019GEMI,"Dornstetten, Stadt",2023-12-31,339,8210,24195578
08237019GEMI,"Dornstetten, Stadt",2024-12-31,339,8194,24195580
08237024GEMI,Empfingen,2022-12-31,231,4216,18287889
08237024GEMI,Empfingen,2023-12-31,233,4252,18287889
08237024GEMI,Empfingen,2024-12-31,233,4269,18287888
08237027GEMI,Eutingen im Gäu,2022-12-31,184,6029,32817010
08237027GEMI,Eutingen im Gäu,2023-12-31,185,6085,32817017
08237027GEMI,Eutingen im Gäu,2024-12-31,186,6120,32817014
08237028GEMI,"Freudenstadt, Stadt",2022-12-31,278,24295,87541149
08237028GEMI,"Freudenstadt, Stadt",2023-12-31,278,24333,87541151
08237028GEMI,"Freudenstadt, Stadt",2024-12-31,279,24464,87541157
08237030GEMI,Glatten,2022-12-31,164,2552,15516645
08237030GEMI,Glatten,2023-12-31,164,2549,15516880
08237030GEMI,Glatten,2024-12-31,163,2531,15516881
08237032GEMI,Grömbach,2022-12-31,52,632,12183396
08237032GEMI,Grömbach,2023-12-31,53,643,12183395
08237032GEMI,Grömbach,2024-12-31,53,641,12183396
08237040GEMI,"Horb am Neckar, Stadt",2022-12-31,215,25702,119763714
08237040GEMI,"Horb am Neckar, Stadt",2023-12-31,214,25662,119763716
08237040GEMI,"Horb am Neckar, Stadt",2024-12-31,214,25651,119763722
08237045GEMI,Loßburg,2022-12-31,98,7746,79247046
08237045GEMI,Loßburg,2023-12-31,98,7790,79246811
08237045GEMI,Loßburg,2024-12-31,100,7919,79246810
08237054GEMI,Pfalzgrafenweiler,2022-12-31,160,7163,44694487
08237054GEMI,Pfalzgrafenweiler,2023-12-31,162,7247,44694489
08237054GEMI,Pfalzgrafenweiler,2024-12-31,163,7286,44694484
08237061GEMI,Schopfloch,2022-12-31,152,2584,17034164
08237061GEMI,Schopfloch,2023-12-31,152,2596,17034166
08237061GEMI,Schopfloch,2024-12-31,153,2598,17034167
08237072GEMI,Wörnersberg,2022-12-31,61,212,3478387
08237072GEMI,Wörnersberg,2023-12-31,61,213,3478387
08237072GEMI,Wörnersberg,2024-12-31,62,214,3478388
08237073GEMI,Seewald,2022-12-31,37,2155,58487661
08237073GEMI,Seewald,2023-12-31,37,2139,58487660
08237073GEMI,Seewald,2024-12-31,36,2111,58487660
08237074GEMI,Waldachtal,2022-12-31,210,6275,29865621
08237074GEMI,Waldachtal,2023-12-31,211,6297,29865622
08237074GEMI,Waldachtal,2024-12-31,212,6346,29865622
08237075GEMI,Bad Rippoldsau-Schapbach,2022-12-31,28,2073,73148261
08237075GEMI,Bad Rippoldsau-Schapbach,2023-12-31,28,2041,73148261
08237075GEMI,Bad Rippoldsau-Schapbach,2024-12-31,28,2035,73148241
08311000GEMI,"Freiburg im Breisgau, Stadt",2022-12-31,1536,235003,153039713
08311000GEMI,"Freiburg im Breisgau, Stadt",2023-12-31,1544,236236,153039716
08311000GEMI,"Freiburg im Breisgau, Stadt",2024-12-31,1552,237460,153039723
08315003GEMI,Au,2022-12-31,374,1494,3995746
08315003GEMI,Au,2023-12-31,377,1508,3995746
08315003GEMI,Au,2024-12-31,376,1501,3995746
08315004GEMI,Auggen,2022-12-31,200,2837,14151550
08315004GEMI,Auggen,2023-12-31,200,2826,14151547
08315004GEMI,Auggen,2024-12-31,198,2797,14151545
08315006GEMI,"Bad Krozingen, Stadt",2022-12-31,603,21503,35685504
08315006GEMI,"Bad Krozingen, Stadt",2023-12-31,611,21791,35685503
08315006GEMI,"Bad Krozingen, Stadt",2024-12-31,610,21755,35685497
08315007GEMI,Badenweiler,2022-12-31,355,4624,13028213
08315007GEMI,Badenweiler,2023-12-31,355,4628,13028212
08315007GEMI,Badenweiler,2024-12-31,355,4629,13028210
08315008GEMI,Ballrechten-Dottingen,2022-12-31,367,2426,6612139
08315008GEMI,Ballrechten-Dottingen,2023-12-31,368,2435,6612140
08315008GEMI,Ballrechten-Dottingen,2024-12-31,376,2485,6612138
08315013GEMI,Bötzingen,2022-12-31,427,5545,12995353
08315013GEMI,Bötzingen,2023-12-31,429,5576,12995355
08315013GEMI,Bötzingen,2024-12-31,427,5544,12995352
08315014GEMI,Bollschweil,2022-12-31,139,2281,16427040
08315014GEMI,Bollschweil,2023-12-31,141,2318,16427041
08315014GEMI,Bollschweil,2024-12-31,141,2324,16427039
08315015GEMI,"Breisach am Rhein, Stadt",2022-12-31,293,16006,54586819
08315015GEMI,"Breisach am Rhein, Stadt",2023-12-31,297,16222,54586802
08315015GEMI,"Breisach am Rhein, Stadt",2024-12-31,302,16487,54586797
08315016GEMI,Breitnau,2022-12-31,46,1835,39895736
08315016GEMI,Breitnau,2023-12-31,45,1814,39895735
08315016GEMI,Breitnau,2024-12-31,46,1850,39895726
08315020GEMI,Buchenbach,2022-12-31,81,3151,38982254
08315020GEMI,Buchenbach,2023-12-31,81,3156,38982260
08315020GEMI,Buchenbach,2024-12-31,81,3144,38982251
08315022GEMI,Buggingen,2022-12-31,288,4415,15313509
08315022GEMI,Buggingen,2023-12-31,289,4428,15313509
08315022GEMI,Buggingen,2024-12-31,291,4449,15313505
08315028GEMI,Ebringen,2022-12-31,340,2784,8177212
08315028GEMI,Ebringen,2023-12-31,347,2834,8177214
08315028GEMI,Ebringen,2024-12-31,350,2859,8177213
08315030GEMI,Eichstetten am Kaiserstuhl,2022-12-31,302,3714,12299732
08315030GEMI,Eichstetten am Kaiserstuhl,2023-12-31,306,3767,12299732
08315030GEMI,Eichstetten am Kaiserstuhl,2024-12-31,307,3780,12299739
08315031GEMI,Eisenbach (Hochschwarzwald),2022-12-31,74,2138,28773508
08315031GEMI,Eisenbach (Hochschwarzwald),2023-12-31,75,2158,28773507
08315031GEMI,Eisenbach (Hochschwarzwald),2024-12-31,74,2138,28773509
08315033GEMI,Eschbach,2022-12-31,245,2457,10026351
08315033GEMI,Eschbach,2023-12-31,244,2442,10026351
08315033GEMI,Eschbach,2024-12-31,246,2464,10026348
08315037GEMI,Feldberg (Schwarzwald),2022-12-31,78,1943,24974912
08315037GEMI,Feldberg (Schwarzwald),2023-12-31,78,1959,24974915
08315037GEMI,Feldberg (Schwarzwald),2024-12-31,78,1956,24974909
08315039GEMI,Friedenweiler,2022-12-31,75,2040,27062797
08315039GEMI,Friedenweiler,2023-12-31,75,2038,27062797
08315039GEMI,Friedenweiler,2024-12-31,75,2035,27062798
08315041GEMI,Glottertal,2022-12-31,105,3224,30744641
08315041GEMI,Glottertal,2023-12-31,105,3222,30744653
08315041GEMI,Glottertal,2024-12-31,105,3225,30744654
08315043GEMI,Gottenheim,2022-12-31,352,3077,8745668
08315043GEMI,Gottenheim,2023-12-31,353,3084,8745669
08315043GEMI,Gottenheim,2024-12-31,361,3156,8745669
08315047GEMI,Gundelfingen,2022-12-31,843,12042,14287484
08315047GEMI,Gundelfingen,2023-12-31,848,12120,14287510
08315047GEMI,Gundelfingen,2024-12-31,852,12168,14287512
08315048GEMI,Hartheim am Rhein,2022-12-31,188,4890,26050965
08315048GEMI,Hartheim am Rhein,2023-12-31,190,4940,26050980
08315048GEMI,Hartheim am Rhein,2024-12-31,188,4887,26050972
08315050GEMI,"Heitersheim, Stadt",2022-12-31,548,6420,11712674
08315050GEMI,"Heitersheim, Stadt",2023-12-31,551,6452,11712674
08315050GEMI,"Heitersheim, Stadt",2024-12-31,562,6577,11712670
08315051GEMI,Heuweiler,2022-12-31,286,1153,4027434
08315051GEMI,Heuweiler,2023-12-31,285,1149,4027401
08315051GEMI,Heuweiler,2024-12-31,288,1159,4027404
08315052GEMI,Hinterzarten,2022-12-31,75,2507,33368979
08315052GEMI,Hinterzarten,2023-12-31,75,2494,33368977
08315052GEMI,Hinterzarten,2024-12-31,75,2510,33368972
08315056GEMI,Horben,2022-12-31,138,1204,8751878
08315056GEMI,Horben,2023-12-31,137,1199,8751880
08315056GEMI,Horben,2024-12-31,138,1204,8751879
08315059GEMI,Ihringen,2022-12-31,271,6231,22999311
08315059GEMI,Ihringen,2023-12-31,274,6303,22999324
08315059GEMI,Ihringen,2024-12-31,274,6308,22999308
08315064GEMI,Kirchzarten,2022-12-31,479,10122,21133316
08315064GEMI,Kirchzarten,2023-12-31,482,10193,21133312
08315064GEMI,Kirchzarten,2024-12-31,486,10266,21133311
08315068GEMI,Lenzkirch,2022-12-31,89,5174,57915563
08315068GEMI,Lenzkirch,2023-12-31,90,5206,57915559
08315068GEMI,Lenzkirch,2024-12-31,90,5201,57915546
08315070GEMI,"Löffingen, Stadt",2022-12-31,88,7721,88021653
08315070GEMI,"Löffingen, Stadt",2023-12-31,88,7769,88021653
08315070GEMI,"Löffingen, Stadt",2024-12-31,87,7692,88021649
08315072GEMI,Merdingen,2022-12-31,180,2588,14396811
08315072GEMI,Merdingen,2023-12-31,185,2660,14396800
08315072GEMI,Merdingen,2024-12-31,185,2668,14396816
08315073GEMI,Merzhausen,2022-12-31,1927,5324,2762389
08315073GEMI,Merzhausen,2023-12-31,2035,5622,2762389
08315073GEMI,Merzhausen,2024-12-31,2021,5584,2762365
08315074GEMI,"Müllheim im Markgräflerland, Stadt",2022-12-31,340,19694,57912076
08315074GEMI,"Müllheim im Markgräflerland, Stadt",2023-12-31,345,19988,57912073
08315074GEMI,"Müllheim im Markgräflerland, Stadt",2024-12-31,347,20097,57912044
08315076GEMI,"Neuenburg am Rhein, Stadt",2022-12-31,287,12675,44099270
08315076GEMI,"Neuenburg am Rhein, Stadt",2023-12-31,289,12732,44099262
08315076GEMI,"Neuenburg am Rhein, Stadt",2024-12-31,288,12690,44099251
08315084GEMI,Oberried,2022-12-31,43,2877,66317262
08315084GEMI,Oberried,2023-12-31,43,2832,66317262
08315084GEMI,Oberried,2024-12-31,42,2773,66317246
08315089GEMI,Pfaffenweiler,2022-12-31,720,2598,3606003
08315089GEMI,Pfaffenweiler,2023-12-31,709,2557,3606002
08315089GEMI,Pfaffenweiler,2024-12-31,722,2604,3606001
08315094GEMI,St. Märgen,2022-12-31,58,1947,33317914
08315094GEMI,St. Märgen,2023-12-31,60,1998,33317914
08315094GEMI,St. Märgen,2024-12-31,60,1993,33317909
08315095GEMI,St. Peter,2022-12-31,75,2698,35934632
08315095GEMI,St. Peter,2023-12-31,75,2707,35934624
08315095GEMI,St. Peter,2024-12-31,76,2727,35934622
08315098GEMI,Schallstadt,2022-12-31,331,6481,19557427
08315098GEMI,Schallstadt,2023-12-31,348,6800,19557425
08315098GEMI,Schallstadt,2024-12-31,355,6937,19557421
08315102GEMI,Schluchsee,2022-12-31,37,2590,69431137
08315102GEMI,Schluchsee,2023-12-31,37,2576,69431138
08315102GEMI,Schluchsee,2024-12-31,37,2577,69431123
08315107GEMI,Sölden,2022-12-31,333,1268,3802215
08315107GEMI,Sölden,2023-12-31,334,1270,3802217
08315107GEMI,Sölden,2024-12-31,334,1271,3802218
08315108GEMI,"Staufen im Breisgau, Stadt",2022-12-31,362,8449,23319384
08315108GEMI,"Staufen im Breisgau, Stadt",2023-12-31,365,8500,23319382
08315108GEMI,"Staufen im Breisgau, Stadt",2024-12-31,363,8459,23319387
08315109GEMI,Stegen,2022-12-31,165,4350,26317103
08315109GEMI,Stegen,2023-12-31,168,4433,26317104
08315109GEMI,Stegen,2024-12-31,168,4413,26317098
08315111GEMI,"Sulzburg, Stadt",2022-12-31,120,2734,22739243
08315111GEMI,"Sulzburg, Stadt",2023-12-31,120,2721,22739245
08315111GEMI,"Sulzburg, Stadt",2024-12-31,123,2794,22739237
08315113GEMI,"Titisee-Neustadt, Stadt",2022-12-31,143,12845,89637534
08315113GEMI,"Titisee-Neustadt, Stadt",2023-12-31,144,12869,89637540
08315113GEMI,"Titisee-Neustadt, Stadt",2024-12-31,143,12797,89637531
08315115GEMI,Umkirch,2022-12-31,660,5752,8721245
08315115GEMI,Umkirch,2023-12-31,659,5751,8721245
08315115GEMI,Umkirch,2024-12-31,660,5755,8721242
08315125GEMI,Wittnau,2022-12-31,289,1459,5044359
08315125GEMI,Wittnau,2023-12-31,292,1475,5044360
08315125GEMI,Wittnau,2024-12-31,291,1470,5044361
08315130GEMI,Münstertal/Schwarzwald,2022-12-31,75,5088,67739992
08315130GEMI,Münstertal/Schwarzwald,2023-12-31,75,5065,67739993
08315130GEMI,Münstertal/Schwarzwald,2024-12-31,74,5043,67739978
08315131GEMI,Ehrenkirchen,2022-12-31,205,7748,37760078
08315131GEMI,Ehrenkirchen,2023-12-31,208,7850,37760079
08315131GEMI,Ehrenkirchen,2024-12-31,207,7813,37760070
08315132GEMI,March,2022-12-31,520,9249,17788638
08315132GEMI,March,2023-12-31,522,9292,17788637
08315132GEMI,March,2024-12-31,523,9309,17788639
08315133GEMI,"Vogtsburg im Kaiserstuhl, Stadt",2022-12-31,168,6259,37363171
08315133GEMI,"Vogtsburg im Kaiserstuhl, Stadt",2023-12-31,167,6248,37363170
08315133GEMI,"Vogtsburg im Kaiserstuhl, Stadt",2024-12-31,167,6234,37363147
08316002GEMI,Bahlingen am Kaiserstuhl,2022-12-31,350,4428,12657707
08316002GEMI,Bahlingen am Kaiserstuhl,2023-12-31,357,4525,12657709
08316002GEMI,Bahlingen am Kaiserstuhl,2024-12-31,359,4538,12657699
08316003GEMI,Biederbach,2022-12-31,55,1720,31352378
08316003GEMI,Biederbach,2023-12-31,56,1746,31352375
08316003GEMI,Biederbach,2024-12-31,56,1751,31352373
08316009GEMI,Denzlingen,2022-12-31,808,13691,16940766
08316009GEMI,Denzlingen,2023-12-31,808,13682,16940776
08316009GEMI,Denzlingen,2024-12-31,810,13720,16940775
08316010GEMI,"Elzach, Stadt",2022-12-31,99,7416,75277947
08316010GEMI,"Elzach, Stadt",2023-12-31,100,7546,75277951
08316010GEMI,"Elzach, Stadt",2024-12-31,100,7515,75277958
08316011GEMI,"Emmendingen, Stadt",2022-12-31,868,29330,33780133
08316011GEMI,"Emmendingen, Stadt",2023-12-31,874,29516,33780132
08316011GEMI,"Emmendingen, Stadt",2024-12-31,873,29502,33780111
08316012GEMI,"Endingen am Kaiserstuhl, Stadt",2022-12-31,381,10168,26701937
08316012GEMI,"Endingen am Kaiserstuhl, Stadt",2023-12-31,388,10351,26701939
08316012GEMI,"Endingen am Kaiserstuhl, Stadt",2024-12-31,389,10381,26701929
08316013GEMI,Forchheim,2022-12-31,130,1402,10779676
08316013GEMI,Forchheim,2023-12-31,130,1401,10779675
08316013GEMI,Forchheim,2024-12-31,131,1409,10779675
08316014GEMI,Gutach im Breisgau,2022-12-31,185,4584,24775125
08316014GEMI,Gutach im Breisgau,2023-12-31,185,4591,24775123
08316014GEMI,Gutach im Breisgau,2024-12-31,186,4599,24775121
08316017GEMI,"Herbolzheim, Stadt",2022-12-31,303,10756,35480088
08316017GEMI,"Herbolzheim, Stadt",2023-12-31,304,10786,35480088
08316017GEMI,"Herbolzheim, Stadt",2024-12-31,304,10783,35480104
08316020GEMI,"Kenzingen, Stadt",2022-12-31,288,10639,36929558
08316020GEMI,"Kenzingen, Stadt",2023-12-31,293,10804,36929557
08316020GEMI,"Kenzingen, Stadt",2024-12-31,291,10748,36929515
08316024GEMI,Malterdingen,2022-12-31,308,3429,11134580
08316024GEMI,Malterdingen,2023-12-31,306,3411,11134579
08316024GEMI,Malterdingen,2024-12-31,311,3467,11134574
08316036GEMI,Reute,2022-12-31,599,2871,4794023
08316036GEMI,Reute,2023-12-31,610,2922,4794024
08316036GEMI,Reute,2024-12-31,623,2986,4794021
08316037GEMI,Riegel am Kaiserstuhl,2022-12-31,218,3988,18330759
08316037GEMI,Riegel am Kaiserstuhl,2023-12-31,220,4041,18330758
08316037GEMI,Riegel am Kaiserstuhl,2024-12-31,221,4051,18330756
08316038GEMI,Sasbach am Kaiserstuhl,2022-12-31,164,3417,20776125
08316038GEMI,Sasbach am Kaiserstuhl,2023-12-31,167,3461,20776121
08316038GEMI,Sasbach am Kaiserstuhl,2024-12-31,168,3481,20776116
08316039GEMI,Sexau,2022-12-31,213,3477,16293804
08316039GEMI,Sexau,2023-12-31,216,3517,16293802
08316039GEMI,Sexau,2024-12-31,219,3568,16293802
08316042GEMI,Simonswald,2022-12-31,40,2942,74307715
08316042GEMI,Simonswald,2023-12-31,40,2946,74307709
08316042GEMI,Simonswald,2024-12-31,40,2936,74307693
08316043GEMI,Teningen,2022-12-31,294,11844,40255641
08316043GEMI,Teningen,2023-12-31,293,11800,40255649
08316043GEMI,Teningen,2024-12-31,295,11884,40255645
08316045GEMI,Vörstetten,2022-12-31,398,3136,7882057
08316045GEMI,Vörstetten,2023-12-31,402,3170,7882055
08316045GEMI,Vörstetten,2024-12-31,405,3196,7882053
08316049GEMI,Weisweil,2022-12-31,114,2181,19085107
08316049GEMI,Weisweil,2023-12-31,115,2198,19085110
08316049GEMI,Weisweil,2024-12-31,118,2243,19085105
08316051GEMI,Wyhl am Kaiserstuhl,2022-12-31,234,3960,16946136
08316051GEMI,Wyhl am Kaiserstuhl,2023-12-31,237,4013,16946134
08316051GEMI,Wyhl am Kaiserstuhl,2024-12-31,239,4050,16946132
08316053GEMI,Rheinhausen im Breisgau,2022-12-31,192,4219,22004689
08316053GEMI,Rheinhausen im Breisgau,2023-12-31,197,4327,22004688
08316053GEMI,Rheinhausen im Breisgau,2024-12-31,197,4333,22004685
08316054GEMI,Freiamt,2022-12-31,80,4221,52895507
08316054GEMI,Freiamt,2023-12-31,80,4240,52895506
08316054GEMI,Freiamt,2024-12-31,80,4243,52895504
08316055GEMI,Winden im Elztal,2022-12-31,129,2841,21948346
08316055GEMI,Winden im Elztal,2023-12-31,135,2971,21948355
08316055GEMI,Winden im Elztal,2024-12-31,132,2893,21948350
08316056GEMI,"Waldkirch, Stadt",2022-12-31,440,21344,48470928
08316056GEMI,"Waldkirch, Stadt",2023-12-31,444,21505,48470930
08316056GEMI,"Waldkirch, Stadt",2024-12-31,444,21510,48470921
08317001GEMI,"Achern, Stadt",2022-12-31,401,26133,65242479
08317001GEMI,"Achern, Stadt",2023-12-31,404,26375,65242457
08317001GEMI,"Achern, Stadt",2024-12-31,410,26733,65242492
08317005GEMI,Appenweier,2022-12-31,273,10362,38017225
08317005GEMI,Appenweier,2023-12-31,272,10353,38017239
08317005GEMI,Appenweier,2024-12-31,273,10374,38017238
08317008GEMI,Bad Peterstal-Griesbach,2022-12-31,64,2622,41203822
08317008GEMI,Bad Peterstal-Griesbach,2023-12-31,63,2590,41203822
08317008GEMI,Bad Peterstal-Griesbach,2024-12-31,63,2583,41203827
08317009GEMI,Berghaupten,2022-12-31,262,2536,9684364
08317009GEMI,Berghaupten,2023-12-31,263,2543,9684365
08317009GEMI,Berghaupten,2024-12-31,262,2539,9684353
08317011GEMI,Biberach,2022-12-31,167,3735,22388915
08317011GEMI,Biberach,2023-12-31,169,3778,22388913
08317011GEMI,Biberach,2024-12-31,170,3799,22388906
08317021GEMI,Durbach,2022-12-31,154,4053,26313748
08317021GEMI,Durbach,2023-12-31,155,4090,26313731
08317021GEMI,Durbach,2024-12-31,157,4123,26313737
08317026GEMI,"Ettenheim, Stadt",2022-12-31,277,13522,48798448
08317026GEMI,"Ettenheim, Stadt",2023-12-31,279,13632,48798453
08317026GEMI,"Ettenheim, Stadt",2024-12-31,281,13722,48798387
08317029GEMI,Fischerbach,2022-12-31,84,1711,20291257
08317029GEMI,Fischerbach,2023-12-31,83,1691,20291259
08317029GEMI,Fischerbach,2024-12-31,84,1704,20291248
08317031GEMI,Friesenheim,2022-12-31,295,13742,46574320
08317031GEMI,Friesenheim,2023-12-31,299,13903,46574322
08317031GEMI,Friesenheim,2024-12-31,298,13858,46574344
08317034GEMI,"Gengenbach, Stadt",2022-12-31,181,11225,61899053
08317034GEMI,"Gengenbach, Stadt",2023-12-31,179,11090,61899051
08317034GEMI,"Gengenbach, Stadt",2024-12-31,179,11081,61899060
08317039GEMI,Gutach (Schwarzwaldbahn),2022-12-31,72,2295,31738772
08317039GEMI,Gutach (Schwarzwaldbahn),2023-12-31,72,2301,31738772
08317039GEMI,Gutach (Schwarzwaldbahn),2024-12-31,72,2279,31738762
08317040GEMI,"Haslach im Kinzigtal, Stadt",2022-12-31,385,7191,18672859
08317040GEMI,"Haslach im Kinzigtal, Stadt",2023-12-31,387,7231,18672857
08317040GEMI,"Haslach im Kinzigtal, Stadt",2024-12-31,385,7190,18672868
08317041GEMI,"Hausach, Stadt",2022-12-31,161,5813,36070771
08317041GEMI,"Hausach, Stadt",2023-12-31,160,5785,36070828
08317041GEMI,"Hausach, Stadt",2024-12-31,162,5851,36070825
08317046GEMI,Hofstetten,2022-12-31,99,1790,18156556
08317046GEMI,Hofstetten,2023-12-31,99,1791,18156543
08317046GEMI,Hofstetten,2024-12-31,99,1789,18156541
08317047GEMI,Hohberg,2022-12-31,282,8164,28946116
08317047GEMI,Hohberg,2023-12-31,284,8212,28946114
08317047GEMI,Hohberg,2024-12-31,283,8186,28946086
08317051GEMI,"Hornberg, Stadt",2022-12-31,77,4169,54449481
08317051GEMI,"Hornberg, Stadt",2023-12-31,76,4158,54449527
08317051GEMI,"Hornberg, Stadt",2024-12-31,76,4154,54449526
08317056GEMI,Kappelrodeck,2022-12-31,347,6225,17930170
08317056GEMI,Kappelrodeck,2023-12-31,353,6334,17930167
08317056GEMI,Kappelrodeck,2024-12-31,353,6324,17930143
08317057GEMI,"Kehl, Stadt",2022-12-31,518,38853,75070658
08317057GEMI,"Kehl, Stadt",2023-12-31,526,39458,75070662
08317057GEMI,"Kehl, Stadt",2024-12-31,527,39584,75070644
08317059GEMI,Kippenheim,2022-12-31,266,5540,20847692
08317059GEMI,Kippenheim,2023-12-31,265,5522,20847686
08317059GEMI,Kippenheim,2024-12-31,267,5559,20847686
08317065GEMI,"Lahr/Schwarzwald, Stadt",2022-12-31,711,49664,69839905
08317065GEMI,"Lahr/Schwarzwald, Stadt",2023-12-31,716,50018,69839916
08317065GEMI,"Lahr/Schwarzwald, Stadt",2024-12-31,727,50775,69839901
08317067GEMI,Lautenbach,2022-12-31,92,1986,21544237
08317067GEMI,Lautenbach,2023-12-31,92,1980,21544223
08317067GEMI,Lautenbach,2024-12-31,92,1991,21544223
08317068GEMI,Lauf,2022-12-31,266,3996,15000778
08317068GEMI,Lauf,2023-12-31,269,4029,15000772
08317068GEMI,Lauf,2024-12-31,268,4021,15000777
08317073GEMI,"Mahlberg, Stadt",2022-12-31,314,5208,16587191
08317073GEMI,"Mahlberg, Stadt",2023-12-31,315,5229,16587189
08317073GEMI,"Mahlberg, Stadt",2024-12-31,317,5254,16587186
08317075GEMI,Meißenheim,2022-12-31,192,4100,21346350
08317075GEMI,Meißenheim,2023-12-31,194,4132,21346351
08317075GEMI,Meißenheim,2024-12-31,194,4149,21346367
08317078GEMI,Mühlenbach,2022-12-31,53,1664,31220891
08317078GEMI,Mühlenbach,2023-12-31,53,1650,31220892
08317078GEMI,Mühlenbach,2024-12-31,52,1629,31220895
08317085GEMI,Nordrach,2022-12-31,50,1900,37754321
08317085GEMI,Nordrach,2023-12-31,52,1976,37754319
08317085GEMI,Nordrach,2024-12-31,52,1980,37754310
08317088GEMI,Oberharmersbach,2022-12-31,60,2436,40920423
08317088GEMI,Oberharmersbach,2023-12-31,59,2418,40920426
08317088GEMI,Oberharmersbach,2024-12-31,59,2397,40920424
08317089GEMI,"Oberkirch, Stadt",2022-12-31,286,19749,69095073
08317089GEMI,"Oberkirch, Stadt",2023-12-31,288,19898,69095077
08317089GEMI,"Oberkirch, Stadt",2024-12-31,287,19847,69095088
08317093GEMI,Oberwolfach,2022-12-31,50,2541,51255972
08317093GEMI,Oberwolfach,2023-12-31,49,2532,51255917
08317093GEMI,Oberwolfach,2024-12-31,49,2527,51255919
08317096GEMI,"Offenburg, Stadt",2022-12-31,799,62588,78365709
08317096GEMI,"Offenburg, Stadt",2023-12-31,805,63110,78365735
08317096GEMI,"Offenburg, Stadt",2024-12-31,804,62993,78365722
08317097GEMI,Ohlsbach,2022-12-31,299,3336,11141966
08317097GEMI,Ohlsbach,2023-12-31,301,3354,11141967
08317097GEMI,Ohlsbach,2024-12-31,302,3368,11141966
08317098GEMI,"Oppenau, Stadt",2022-12-31,67,4887,72975198
08317098GEMI,"Oppenau, Stadt",2023-12-31,67,4866,72975201
08317098GEMI,"Oppenau, Stadt",2024-12-31,66,4815,72975205
08317100GEMI,Ortenberg,2022-12-31,615,3477,5657122
08317100GEMI,Ortenberg,2023-12-31,615,3478,5657120
08317100GEMI,Ortenberg,2024-12-31,628,3553,5657119
08317102GEMI,Ottenhöfen im Schwarzwald,2022-12-31,123,3112,25261275
08317102GEMI,Ottenhöfen im Schwarzwald,2023-12-31,121,3056,25261291
08317102GEMI,Ottenhöfen im Schwarzwald,2024-12-31,122,3082,25261318
08317110GEMI,"Renchen, Stadt",2022-12-31,233,7484,32082713
08317110GEMI,"Renchen, Stadt",2023-12-31,234,7506,32082700
08317110GEMI,"Renchen, Stadt",2024-12-31,236,7582,32082652
08317113GEMI,Ringsheim,2022-12-31,220,2492,11308126
08317113GEMI,Ringsheim,2023-12-31,229,2590,11308126
08317113GEMI,Ringsheim,2024-12-31,234,2645,11308128
08317114GEMI,Rust,2022-12-31,362,4800,13272293
08317114GEMI,Rust,2023-12-31,374,4964,13272327
08317114GEMI,Rust,2024-12-31,367,4865,13272323
08317116GEMI,Sasbach,2022-12-31,320,5355,16729684
08317116GEMI,Sasbach,2023-12-31,321,5371,16729693
08317116GEMI,Sasbach,2024-12-31,320,5357,16729688
08317118GEMI,Sasbachwalden,2022-12-31,144,2602,18129243
08317118GEMI,Sasbachwalden,2023-12-31,140,2545,18129272
08317118GEMI,Sasbachwalden,2024-12-31,140,2538,18129300
08317121GEMI,Schuttertal,2022-12-31,64,3203,50267167
08317121GEMI,Schuttertal,2023-12-31,64,3194,50267166
08317121GEMI,Schuttertal,2024-12-31,63,3170,50267162
08317122GEMI,Schutterwald,2022-12-31,344,7242,21035430
08317122GEMI,Schutterwald,2023-12-31,347,7301,21035426
08317122GEMI,Schutterwald,2024-12-31,348,7320,21035273
08317126GEMI,Seebach,2022-12-31,75,1432,19041853
08317126GEMI,Seebach,2023-12-31,75,1420,19041852
08317126GEMI,Seebach,2024-12-31,74,1410,19041809
08317127GEMI,Seelbach,2022-12-31,162,4824,29832726
08317127GEMI,Seelbach,2023-12-31,161,4797,29832724
08317127GEMI,Seelbach,2024-12-31,162,4828,29832719
08317129GEMI,Steinach,2022-12-31,120,4004,33321601
08317129GEMI,Steinach,2023-12-31,120,3988,33321616
08317129GEMI,Steinach,2024-12-31,118,3941,33321608
08317141GEMI,Willstätt,2022-12-31,180,9927,55269892
08317141GEMI,Willstätt,2023-12-31,180,9975,55269891
08317141GEMI,Willstätt,2024-12-31,183,10124,55269904
08317145GEMI,"Wolfach, Stadt",2022-12-31,83,5611,67975215
08317145GEMI,"Wolfach, Stadt",2023-12-31,83,5633,67975217
08317145GEMI,"Wolfach, Stadt",2024-12-31,82,5571,67975216
08317146GEMI,"Zell am Harmersbach, Stadt",2022-12-31,223,8108,36413807
08317146GEMI,"Zell am Harmersbach, Stadt",2023-12-31,225,8186,36413802
08317146GEMI,"Zell am Harmersbach, Stadt",2024-12-31,223,8129,36413802
08317150GEMI,Schwanau,2022-12-31,182,6974,38348431
08317150GEMI,Schwanau,2023-12-31,184,7063,38348428
08317150GEMI,Schwanau,2024-12-31,184,7054,38348428
08317151GEMI,Neuried,2022-12-31,171,9864,57841993
08317151GEMI,Neuried,2023-12-31,170,9848,57841988
08317151GEMI,Neuried,2024-12-31,171,9919,57842122
08317152GEMI,Kappel-Grafenhausen,2022-12-31,203,5233,25715868
08317152GEMI,Kappel-Grafenhausen,2023-12-31,203,5228,25715835
08317152GEMI,Kappel-Grafenhausen,2024-12-31,204,5246,25715858
08317153GEMI,"Rheinau, Stadt",2022-12-31,154,11288,73504447
08317153GEMI,"Rheinau, Stadt",2023-12-31,154,11310,73504446
08317153GEMI,"Rheinau, Stadt",2024-12-31,154,11346,73504455
08325001GEMI,Aichhalden,2022-12-31,164,4225,25748388
08325001GEMI,Aichhalden,2023-12-31,164,4219,25748387
08325001GEMI,Aichhalden,2024-12-31,164,4225,25748386
08325009GEMI,Bösingen,2022-12-31,151,3391,22446195
08325009GEMI,Bösingen,2023-12-31,152,3408,22446197
08325009GEMI,Bösingen,2024-12-31,153,3428,22446196
08325011GEMI,Dietingen,2022-12-31,99,4184,42263208
08325011GEMI,Dietingen,2023-12-31,99,4189,42263207
08325011GEMI,Dietingen,2024-12-31,99,4204,42263210
08325012GEMI,"Dornhan, Stadt",2022-12-31,138,6212,44914903
08325012GEMI,"Dornhan, Stadt",2023-12-31,138,6193,44914905
08325012GEMI,"Dornhan, Stadt",2024-12-31,138,6219,44914904
08325014GEMI,Dunningen,2022-12-31,132,6407,48447423
08325014GEMI,Dunningen,2023-12-31,134,6478,48447338
08325014GEMI,Dunningen,2024-12-31,133,6448,48447813
08325015GEMI,Epfendorf,2022-12-31,107,3171,29675815
08325015GEMI,Epfendorf,2023-12-31,106,3160,29675818
08325015GEMI,Epfendorf,2024-12-31,105,3106,29675818
08325024GEMI,Hardt,2022-12-31,234,2486,10604810
08325024GEMI,Hardt,2023-12-31,235,2487,10604814
08325024GEMI,Hardt,2024-12-31,234,2484,10604811
08325036GEMI,Lauterbach,2022-12-31,138,2765,19965138
08325036GEMI,Lauterbach,2023-12-31,139,2767,19965139
08325036GEMI,Lauterbach,2024-12-31,135,2700,19965138
08325045GEMI,"Oberndorf am Neckar, Stadt",2022-12-31,262,14644,55924505
08325045GEMI,"Oberndorf am Neckar, Stadt",2023-12-31,262,14669,55924502
08325045GEMI,"Oberndorf am Neckar, Stadt",2024-12-31,266,14853,55924504
08325049GEMI,"Rottweil, Stadt",2022-12-31,348,24943,71758625
08325049GEMI,"Rottweil, Stadt",2023-12-31,348,24977,71758633
08325049GEMI,"Rottweil, Stadt",2024-12-31,348,24985,71758628
08325050GEMI,Schenkenzell,2022-12-31,45,1915,42138836
08325050GEMI,Schenkenzell,2023-12-31,45,1882,42138837
08325050GEMI,Schenkenzell,2024-12-31,43,1814,42138817
08325051GEMI,"Schiltach, Stadt",2022-12-31,106,3633,34213818
08325051GEMI,"Schiltach, Stadt",2023-12-31,105,3595,34213860
08325051GEMI,"Schiltach, Stadt",2024-12-31,103,3517,34213867
08325053GEMI,"Schramberg, Stadt",2022-12-31,254,20505,80698902
08325053GEMI,"Schramberg, Stadt",2023-12-31,255,20613,80698944
08325053GEMI,"Schramberg, Stadt",2024-12-31,255,20610,80698941
08325057GEMI,"Sulz am Neckar, Stadt",2022-12-31,145,12740,87623422
08325057GEMI,"Sulz am Neckar, Stadt",2023-12-31,146,12777,87623420
08325057GEMI,"Sulz am Neckar, Stadt",2024-12-31,147,12847,87623419
08325060GEMI,Villingendorf,2022-12-31,358,3343,9327616
08325060GEMI,Villingendorf,2023-12-31,358,3335,9327615
08325060GEMI,Villingendorf,2024-12-31,362,3377,9327617
08325061GEMI,Vöhringen,2022-12-31,179,4417,24708810
08325061GEMI,Vöhringen,2023-12-31,183,4531,24708812
08325061GEMI,Vöhringen,2024-12-31,181,4462,24708812
08325064GEMI,Wellendingen,2022-12-31,189,3310,17477094
08325064GEMI,Wellendingen,2023-12-31,189,3298,17477093
08325064GEMI,Wellendingen,2024-12-31,190,3317,17477092
08325069GEMI,Zimmern ob Rottweil,2022-12-31,188,6350,33759986
08325069GEMI,Zimmern ob Rottweil,2023-12-31,188,6358,33760020
08325069GEMI,Zimmern ob Rottweil,2024-12-31,186,6296,33760208
08325070GEMI,Fluorn-Winzeln,2022-12-31,125,3085,24597008
08325070GEMI,Fluorn-Winzeln,2023-12-31,126,3105,24597007
08325070GEMI,Fluorn-Winzeln,2024-12-31,124,3052,24597005
08325071GEMI,Eschbronn,2022-12-31,189,2075,10976477
08325071GEMI,Eschbronn,2023-12-31,191,2098,10976489
08325071GEMI,Eschbronn,2024-12-31,190,2085,10975821
08325072GEMI,Deißlingen,2022-12-31,192,6167,32149509
08325072GEMI,Deißlingen,2023-12-31,193,6205,32149513
08325072GEMI,Deißlingen,2024-12-31,193,6208,32149513
08326003GEMI,"Bad Dürrheim, Stadt",2022-12-31,211,13077,62078290
08326003GEMI,"Bad Dürrheim, Stadt",2023-12-31,213,13216,62078257
08326003GEMI,"Bad Dürrheim, Stadt",2024-12-31,212,13149,62078256
08326005GEMI,"Blumberg, Stadt",2022-12-31,101,9992,98716478
08326005GEMI,"Blumberg, Stadt",2023-12-31,102,10063,98716482
08326005GEMI,"Blumberg, Stadt",2024-12-31,101,10003,98716679
08326006GEMI,"Bräunlingen, Stadt",2022-12-31,92,5733,62136442
08326006GEMI,"Bräunlingen, Stadt",2023-12-31,93,5782,62136445
08326006GEMI,"Bräunlingen, Stadt",2024-12-31,93,5784,62136435
08326010GEMI,Dauchingen,2022-12-31,384,3849,10034808
08326010GEMI,Dauchingen,2023-12-31,381,3821,10034802
08326010GEMI,Dauchingen,2024-12-31,379,3800,10034804
08326012GEMI,"Donaueschingen, Stadt",2022-12-31,209,21904,104689952
08326012GEMI,"Donaueschingen, Stadt",2023-12-31,208,21786,104689988
08326012GEMI,"Donaueschingen, Stadt",2024-12-31,208,21790,104689965
08326017GEMI,"Furtwangen im Schwarzwald, Stadt",2022-12-31,102,8439,82571539
08326017GEMI,"Furtwangen im Schwarzwald, Stadt",2023-12-31,103,8469,82571538
08326017GEMI,"Furtwangen im Schwarzwald, Stadt",2024-12-31,102,8420,82571541
08326020GEMI,Gütenbach,2022-12-31,57,1056,18491476
08326020GEMI,Gütenbach,2023-12-31,56,1044,18491963
08326020GEMI,Gütenbach,2024-12-31,55,1025,18491964
08326027GEMI,"Hüfingen, Stadt",2022-12-31,135,7879,58532684
08326027GEMI,"Hüfingen, Stadt",2023-12-31,136,7973,58532681
08326027GEMI,"Hüfingen, Stadt",2024-12-31,138,8060,58532674
08326031GEMI,Königsfeld im Schwarzwald,2022-12-31,147,5907,40196672
08326031GEMI,Königsfeld im Schwarzwald,2023-12-31,147,5906,40196612
08326031GEMI,Königsfeld im Schwarzwald,2024-12-31,148,5960,40196630
08326037GEMI,Mönchweiler,2022-12-31,291,2780,9562879
08326037GEMI,Mönchweiler,2023-12-31,292,2792,9562878
08326037GEMI,Mönchweiler,2024-12-31,289,2766,9562878
08326041GEMI,Niedereschach,2022-12-31,176,5813,33083669
08326041GEMI,Niedereschach,2023-12-31,179,5911,33083628
08326041GEMI,Niedereschach,2024-12-31,177,5857,33083630
08326052GEMI,"St. Georgen im Schwarzwald, Stadt",2022-12-31,206,12325,59848239
08326052GEMI,"St. Georgen im Schwarzwald, Stadt",2023-12-31,207,12407,59848237
08326052GEMI,"St. Georgen im Schwarzwald, Stadt",2024-12-31,206,12301,59848237
08326054GEMI,Schönwald im Schwarzwald,2022-12-31,91,2532,27804273
08326054GEMI,Schönwald im Schwarzwald,2023-12-31,94,2600,27804272
08326054GEMI,Schönwald im Schwarzwald,2024-12-31,92,2566,27804269
08326055GEMI,Schonach im Schwarzwald,2022-12-31,106,3883,36705836
08326055GEMI,Schonach im Schwarzwald,2023-12-31,106,3879,36705837
08326055GEMI,Schonach im Schwarzwald,2024-12-31,104,3800,36705835
08326060GEMI,"Triberg im Schwarzwald, Stadt",2022-12-31,135,4500,33328426
08326060GEMI,"Triberg im Schwarzwald, Stadt",2023-12-31,140,4658,33328425
08326060GEMI,"Triberg im Schwarzwald, Stadt",2024-12-31,137,4580,33328421
08326061GEMI,Tuningen,2022-12-31,198,3079,15588122
08326061GEMI,Tuningen,2023-12-31,202,3142,15588124
08326061GEMI,Tuningen,2024-12-31,211,3292,15588124
08326065GEMI,Unterkirnach,2022-12-31,193,2536,13166359
08326065GEMI,Unterkirnach,2023-12-31,190,2502,13166514
08326065GEMI,Unterkirnach,2024-12-31,187,2466,13166608
08326068GEMI,"Vöhrenbach, Stadt",2022-12-31,51,3609,70467971
08326068GEMI,"Vöhrenbach, Stadt",2023-12-31,51,3621,70467974
08326068GEMI,"Vöhrenbach, Stadt",2024-12-31,52,3631,70467966
08326074GEMI,"Villingen-Schwenningen, Stadt",2022-12-31,534,88337,165532296
08326074GEMI,"Villingen-Schwenningen, Stadt",2023-12-31,539,89286,165532376
08326074GEMI,"Villingen-Schwenningen, Stadt",2024-12-31,542,89756,165532062
08326075GEMI,Brigachtal,2022-12-31,222,5063,22799046
08326075GEMI,Brigachtal,2023-12-31,222,5064,22799037
08326075GEMI,Brigachtal,2024-12-31,222,5059,22798980
08327002GEMI,Aldingen,2022-12-31,348,7707,22171670
08327002GEMI,Aldingen,2023-12-31,350,7761,22171669
08327002GEMI,Aldingen,2024-12-31,354,7858,22171672
08327004GEMI,Bärenthal,2022-12-31,39,495,12693481
08327004GEMI,Bärenthal,2023-12-31,38,485,12693399
08327004GEMI,Bärenthal,2024-12-31,38,487,12693401
08327005GEMI,Balgheim,2022-12-31,168,1280,7610727
08327005GEMI,Balgheim,2023-12-31,169,1288,7610726
08327005GEMI,Balgheim,2024-12-31,173,1317,7610727
08327006GEMI,Böttingen,2022-12-31,88,1428,16314186
08327006GEMI,Böttingen,2023-12-31,89,1449,16314186
08327006GEMI,Böttingen,2024-12-31,88,1438,16314190
08327007GEMI,Bubsheim,2022-12-31,177,1466,8291245
08327007GEMI,Bubsheim,2023-12-31,174,1443,8291244
08327007GEMI,Bubsheim,2024-12-31,174,1446,8291244
08327008GEMI,Buchheim,2022-12-31,41,750,18299961
08327008GEMI,Buchheim,2023-12-31,42,762,18299960
08327008GEMI,Buchheim,2024-12-31,42,777,18299960
08327009GEMI,Deilingen,2022-12-31,173,1890,10914112
08327009GEMI,Deilingen,2023-12-31,174,1898,10914112
08327009GEMI,Deilingen,2024-12-31,172,1877,10914114
08327010GEMI,Denkingen,2022-12-31,198,2974,15031004
08327010GEMI,Denkingen,2023-12-31,200,3003,15031003
08327010GEMI,Denkingen,2024-12-31,198,2979,15031003
08327011GEMI,Dürbheim,2022-12-31,116,1724,14821627
08327011GEMI,Dürbheim,2023-12-31,117,1739,14821626
08327011GEMI,Dürbheim,2024-12-31,117,1735,14821628
08327012GEMI,Durchhausen,2022-12-31,115,1036,8995086
08327012GEMI,Durchhausen,2023-12-31,117,1049,8995076
08327012GEMI,Durchhausen,2024-12-31,118,1063,8995076
08327013GEMI,Egesheim,2022-12-31,84,644,7666551
08327013GEMI,Egesheim,2023-12-31,83,635,7666551
08327013GEMI,Egesheim,2024-12-31,85,652,7666551
08327016GEMI,"Fridingen an der Donau, Stadt",2022-12-31,141,3159,22468619
08327016GEMI,"Fridingen an der Donau, Stadt",2023-12-31,142,3201,22468620
08327016GEMI,"Fridingen an der Donau, Stadt",2024-12-31,141,3157,22468620
08327017GEMI,Frittlingen,2022-12-31,244,2144,8790479
08327017GEMI,Frittlingen,2023-12-31,244,2144,8790478
08327017GEMI,Frittlingen,2024-12-31,242,2127,8790480
08327018GEMI,"Geisingen, Stadt",2022-12-31,86,6340,73749070
08327018GEMI,"Geisingen, Stadt",2023-12-31,84,6215,73749068
08327018GEMI,"Geisingen, Stadt",2024-12-31,84,6225,73749087
08327019GEMI,Gosheim,2022-12-31,400,3729,9320079
08327019GEMI,Gosheim,2023-12-31,402,3745,9320078
08327019GEMI,Gosheim,2024-12-31,399,3720,9320080
08327020GEMI,Gunningen,2022-12-31,141,769,5439812
08327020GEMI,Gunningen,2023-12-31,142,772,5439823
08327020GEMI,Gunningen,2024-12-31,142,773,5439823
08327023GEMI,Hausen ob Verena,2022-12-31,140,820,5874774
08327023GEMI,Hausen ob Verena,2023-12-31,143,838,5874775
08327023GEMI,Hausen ob Verena,2024-12-31,142,837,5874775
08327025GEMI,Immendingen,2022-12-31,87,6432,74054742
08327025GEMI,Immendingen,2023-12-31,87,6429,74054742
08327025GEMI,Immendingen,2024-12-31,89,6585,74054735
08327027GEMI,Irndorf,2022-12-31,47,679,14558999
08327027GEMI,Irndorf,2023-12-31,47,681,14558999
08327027GEMI,Irndorf,2024-12-31,47,683,14559000
08327029GEMI,Königsheim,2022-12-31,136,593,4366990
08327029GEMI,Königsheim,2023-12-31,139,607,4366991
08327029GEMI,Königsheim,2024-12-31,142,621,4366993
08327030GEMI,Kolbingen,2022-12-31,76,1252,16498633
08327030GEMI,Kolbingen,2023-12-31,74,1223,16498612
08327030GEMI,Kolbingen,2024-12-31,74,1225,16498613
08327033GEMI,Mahlstetten,2022-12-31,69,839,12199186
08327033GEMI,Mahlstetten,2023-12-31,68,834,12199185
08327033GEMI,Mahlstetten,2024-12-31,67,812,12199184
08327036GEMI,"Mühlheim an der Donau, Stadt",2022-12-31,170,3701,21735093
08327036GEMI,"Mühlheim an der Donau, Stadt",2023-12-31,168,3645,21735089
08327036GEMI,"Mühlheim an der Donau, Stadt",2024-12-31,168,3649,21735095
08327038GEMI,Neuhausen ob Eck,2022-12-31,87,4025,46252161
08327038GEMI,Neuhausen ob Eck,2023-12-31,91,4211,46252046
08327038GEMI,Neuhausen ob Eck,2024-12-31,91,4206,46252046
08327040GEMI,Reichenbach am Heuberg,2022-12-31,77,467,6104011
08327040GEMI,Reichenbach am Heuberg,2023-12-31,74,450,6104011
08327040GEMI,Reichenbach am Heuberg,2024-12-31,74,453,6104010
08327041GEMI,Renquishausen,2022-12-31,99,760,7711975
08327041GEMI,Renquishausen,2023-12-31,102,786,7711997
08327041GEMI,Renquishausen,2024-12-31,107,826,7711995
08327046GEMI,"Spaichingen, Stadt",2022-12-31,727,13457,18503025
08327046GEMI,"Spaichingen, Stadt",2023-12-31,742,13728,18503026
08327046GEMI,"Spaichingen, Stadt",2024-12-31,741,13714,18503028
08327048GEMI,Talheim,2022-12-31,97,1275,13115873
08327048GEMI,Talheim,2023-12-31,100,1306,13115873
08327048GEMI,Talheim,2024-12-31,102,1334,13115872
08327049GEMI,"Trossingen, Stadt",2022-12-31,714,17287,24204728
08327049GEMI,"Trossingen, Stadt",2023-12-31,721,17463,24204729
08327049GEMI,"Trossingen, Stadt",2024-12-31,723,17489,24204730
08327050GEMI,"Tuttlingen, Stadt",2022-12-31,407,36831,90448557
08327050GEMI,"Tuttlingen, Stadt",2023-12-31,411,37167,90448556
08327050GEMI,"Tuttlingen, Stadt",2024-12-31,410,37109,90448567
08327051GEMI,Wehingen,2022-12-31,249,3629,14587383
08327051GEMI,Wehingen,2023-12-31,254,3708,14587383
08327051GEMI,Wehingen,2024-12-31,254,3703,14587383
08327054GEMI,Wurmlingen,2022-12-31,255,3929,15417181
08327054GEMI,Wurmlingen,2023-12-31,256,3948,15417181
08327054GEMI,Wurmlingen,2024-12-31,256,3949,15417184
08327055GEMI,Seitingen-Oberflacht,2022-12-31,131,2577,19648590
08327055GEMI,Seitingen-Oberflacht,2023-12-31,134,2624,19648590
08327055GEMI,Seitingen-Oberflacht,2024-12-31,130,2564,19648591
08327056GEMI,Rietheim-Weilheim,2022-12-31,240,2870,11981334
08327056GEMI,Rietheim-Weilheim,2023-12-31,245,2935,11981333
08327056GEMI,Rietheim-Weilheim,2024-12-31,247,2962,11981334
08327057GEMI,Emmingen-Liptingen,2022-12-31,87,4719,54540961
08327057GEMI,Emmingen-Liptingen,2023-12-31,88,4783,54540961
08327057GEMI,Emmingen-Liptingen,2024-12-31,89,4856,54540956
08335001GEMI,"Aach, Stadt",2022-12-31,218,2324,10680775
08335001GEMI,"Aach, Stadt",2023-12-31,222,2368,10680776
08335001GEMI,"Aach, Stadt",2024-12-31,223,2377,10680779
08335002GEMI,Allensbach,2022-12-31,274,7265,26531353
08335002GEMI,Allensbach,2023-12-31,277,7358,26530372
08335002GEMI,Allensbach,2024-12-31,277,7353,26530368
08335015GEMI,Büsingen am Hochrhein,2022-12-31,184,1405,7624209
08335015GEMI,Büsingen am Hochrhein,2023-12-31,189,1444,7624206
08335015GEMI,Büsingen am Hochrhein,2024-12-31,189,1440,7624207
08335021GEMI,Eigeltingen,2022-12-31,66,3885,59272022
08335021GEMI,Eigeltingen,2023-12-31,66,3920,59272018
08335021GEMI,Eigeltingen,2024-12-31,64,3821,59272040
08335022GEMI,"Engen, Stadt",2022-12-31,159,11234,70560918
08335022GEMI,"Engen, Stadt",2023-12-31,160,11315,70560914
08335022GEMI,"Engen, Stadt",2024-12-31,160,11311,70560922
08335025GEMI,Gaienhofen,2022-12-31,265,3322,12518081
08335025GEMI,Gaienhofen,2023-12-31,268,3351,12518080
08335025GEMI,Gaienhofen,2024-12-31,266,3334,12518085
08335026GEMI,Gailingen am Hochrhein,2022-12-31,224,2947,13175588
08335026GEMI,Gailingen am Hochrhein,2023-12-31,228,3002,13175588
08335026GEMI,Gailingen am Hochrhein,2024-12-31,231,3044,13175590
08335028GEMI,Gottmadingen,2022-12-31,456,10754,23575932
08335028GEMI,Gottmadingen,2023-12-31,461,10871,23575932
08335028GEMI,Gottmadingen,2024-12-31,461,10871,23575935
08335035GEMI,Hilzingen,2022-12-31,170,9026,53019841
08335035GEMI,Hilzingen,2023-12-31,173,9175,53019843
08335035GEMI,Hilzingen,2024-12-31,173,9196,53019843
08335043GEMI,"Konstanz, Universitätsstadt",2022-12-31,1607,86937,54115041
08335043GEMI,"Konstanz, Universitätsstadt",2023-12-31,1606,86898,54115027
08335043GEMI,"Konstanz, Universitätsstadt",2024-12-31,1606,86919,54115031
08335055GEMI,Moos,2022-12-31,238,3416,14371872
08335055GEMI,Moos,2023-12-31,239,3439,14371836
08335055GEMI,Moos,2024-12-31,238,3417,14371836
08335057GEMI,Mühlingen,2022-12-31,82,2674,32673400
08335057GEMI,Mühlingen,2023-12-31,83,2709,32673401
08335057GEMI,Mühlingen,2024-12-31,83,2720,32673370
08335061GEMI,Öhningen,2022-12-31,129,3629,28179316
08335061GEMI,Öhningen,2023-12-31,127,3589,28179316
08335061GEMI,Öhningen,2024-12-31,126,3559,28179313
08335063GEMI,"Radolfzell am Bodensee, Stadt",2022-12-31,530,31059,58548027
08335063GEMI,"Radolfzell am Bodensee, Stadt",2023-12-31,540,31608,58547828
08335063GEMI,"Radolfzell am Bodensee, Stadt",2024-12-31,542,31734,58547826
08335066GEMI,Reichenau,2022-12-31,407,5179,12713774
08335066GEMI,Reichenau,2023-12-31,412,5234,12713797
08335066GEMI,Reichenau,2024-12-31,408,5189,12713800
08335075GEMI,"Singen (Hohentwiel), Stadt",2022-12-31,764,47171,61768743
08335075GEMI,"Singen (Hohentwiel), Stadt",2023-12-31,765,47263,61768605
08335075GEMI,"Singen (Hohentwiel), Stadt",2024-12-31,771,47621,61768596
08335077GEMI,Steißlingen,2022-12-31,204,4996,24523016
08335077GEMI,Steißlingen,2023-12-31,207,5069,24523016
08335077GEMI,Steißlingen,2024-12-31,209,5133,24523018
08335079GEMI,"Stockach, Stadt",2022-12-31,253,17672,69731387
08335079GEMI,"Stockach, Stadt",2023-12-31,252,17599,69731388
08335079GEMI,"Stockach, Stadt",2024-12-31,253,17646,69731392
08335080GEMI,"Tengen, Stadt",2022-12-31,77,4785,62034501
08335080GEMI,"Tengen, Stadt",2023-12-31,78,4820,62034502
08335080GEMI,"Tengen, Stadt",2024-12-31,78,4818,62034503
08335081GEMI,Volkertshausen,2022-12-31,638,3287,5148294
08335081GEMI,Volkertshausen,2023-12-31,651,3349,5148292
08335081GEMI,Volkertshausen,2024-12-31,651,3354,5148293
08335096GEMI,Hohenfels,2022-12-31,73,2224,30490083
08335096GEMI,Hohenfels,2023-12-31,73,2229,30490085
08335096GEMI,Hohenfels,2024-12-31,73,2236,30490086
08335097GEMI,Mühlhausen-Ehingen,2022-12-31,220,3927,17817905
08335097GEMI,Mühlhausen-Ehingen,2023-12-31,224,3985,17817906
08335097GEMI,Mühlhausen-Ehingen,2024-12-31,228,4054,17817906
08335098GEMI,Bodman-Ludwigshafen,2022-12-31,169,4743,28082209
08335098GEMI,Bodman-Ludwigshafen,2023-12-31,172,4823,28083188
08335098GEMI,Bodman-Ludwigshafen,2024-12-31,172,4838,28083190
08335099GEMI,Orsingen-Nenzingen,2022-12-31,159,3542,22231391
08335099GEMI,Orsingen-Nenzingen,2023-12-31,162,3604,22231391
08335099GEMI,Orsingen-Nenzingen,2024-12-31,161,3588,22231390
08335100GEMI,Rielasingen-Worblingen,2022-12-31,657,12210,18591687
08335100GEMI,Rielasingen-Worblingen,2023-12-31,666,12375,18591634
08335100GEMI,Rielasingen-Worblingen,2024-12-31,660,12268,18591632
08336004GEMI,Aitern,2022-12-31,54,501,9206420
08336004GEMI,Aitern,2023-12-31,54,494,9206419
08336004GEMI,Aitern,2024-12-31,53,487,9206417
08336006GEMI,Bad Bellingen,2022-12-31,296,5008,16932584
08336006GEMI,Bad Bellingen,2023-12-31,298,5043,16932583
08336006GEMI,Bad Bellingen,2024-12-31,303,5134,16932578
08336008GEMI,Binzen,2022-12-31,508,2955,5812013
08336008GEMI,Binzen,2023-12-31,510,2963,5812015
08336008GEMI,Binzen,2024-12-31,514,2988,5812012
08336010GEMI,Böllen,2022-12-31,18,101,5667411
08336010GEMI,Böllen,2023-12-31,16,92,5667411
08336010GEMI,Böllen,2024-12-31,16,92,5667410
08336014GEMI,Efringen-Kirchen,2022-12-31,199,8697,43747235
08336014GEMI,Efringen-Kirchen,2023-12-31,199,8719,43747233
08336014GEMI,Efringen-Kirchen,2024-12-31,198,8683,43747215
08336019GEMI,Eimeldingen,2022-12-31,698,2480,3551953
08336019GEMI,Eimeldingen,2023-12-31,709,2517,3551951
08336019GEMI,Eimeldingen,2024-12-31,712,2529,3551951
08336024GEMI,Fischingen,2022-12-31,411,775,1886287
08336024GEMI,Fischingen,2023-12-31,411,775,1886288
08336024GEMI,Fischingen,2024-12-31,412,778,1886287
08336025GEMI,Fröhnd,2022-12-31,31,505,16194816
08336025GEMI,Fröhnd,2023-12-31,31,499,16194815
08336025GEMI,Fröhnd,2024-12-31,30,487,16194811
08336034GEMI,Hasel,2022-12-31,104,1216,11650710
08336034GEMI,Hasel,2023-12-31,108,1253,11650710
08336034GEMI,Hasel,2024-12-31,106,1237,11650711
08336036GEMI,Hausen im Wiesental,2022-12-31,456,2340,5136312
08336036GEMI,Hausen im Wiesental,2023-12-31,461,2368,5136343
08336036GEMI,Hausen im Wiesental,2024-12-31,462,2371,5136341
08336043GEMI,Inzlingen,2022-12-31,272,2579,9479524
08336043GEMI,Inzlingen,2023-12-31,268,2541,9479526
08336043GEMI,Inzlingen,2024-12-31,270,2555,9479525
08336045GEMI,"Kandern, Stadt",2022-12-31,140,8705,62257553
08336045GEMI,"Kandern, Stadt",2023-12-31,139,8624,62257555
08336045GEMI,"Kandern, Stadt",2024-12-31,140,8710,62257536
08336050GEMI,"Lörrach, Stadt",2022-12-31,1262,49694,39369639
08336050GEMI,"Lörrach, Stadt",2023-12-31,1283,50512,39369639
08336050GEMI,"Lörrach, Stadt",2024-12-31,1304,51349,39369640
08336057GEMI,Maulburg,2022-12-31,438,4274,9747288
08336057GEMI,Maulburg,2023-12-31,448,4364,9747288
08336057GEMI,Maulburg,2024-12-31,448,4366,9747285
08336069GEMI,"Rheinfelden (Baden), Stadt",2022-12-31,552,34687,62843976
08336069GEMI,"Rheinfelden (Baden), Stadt",2023-12-31,556,34958,62843971
08336069GEMI,"Rheinfelden (Baden), Stadt",2024-12-31,552,34674,62843964
08336073GEMI,Rümmingen,2022-12-31,433,1931,4457636
08336073GEMI,Rümmingen,2023-12-31,450,2008,4457634
08336073GEMI,Rümmingen,2024-12-31,446,1989,4457634
08336075GEMI,Schallbach,2022-12-31,212,837,3950173
08336075GEMI,Schallbach,2023-12-31,213,841,3950174
08336075GEMI,Schallbach,2024-12-31,216,855,3950172
08336078GEMI,Schliengen,2022-12-31,157,5898,37462240
08336078GEMI,Schliengen,2023-12-31,165,6179,37462249
08336078GEMI,Schliengen,2024-12-31,166,6200,37462232
08336079GEMI,"Schönau im Schwarzwald, Stadt",2022-12-31,164,2417,14722945
08336079GEMI,"Schönau im Schwarzwald, Stadt",2023-12-31,166,2448,14722945
08336079GEMI,"Schönau im Schwarzwald, Stadt",2024-12-31,170,2504,14722942
08336080GEMI,Schönenberg,2022-12-31,46,339,7426417
08336080GEMI,Schönenberg,2023-12-31,45,336,7426418
08336080GEMI,Schönenberg,2024-12-31,44,330,7426414
08336081GEMI,"Schopfheim, Stadt",2022-12-31,298,20212,67931308
08336081GEMI,"Schopfheim, Stadt",2023-12-31,299,20291,67931280
08336081GEMI,"Schopfheim, Stadt",2024-12-31,299,20332,67931285
08336082GEMI,Schwörstadt,2022-12-31,129,2583,20034843
08336082GEMI,Schwörstadt,2023-12-31,127,2537,20034844
08336082GEMI,Schwörstadt,2024-12-31,126,2531,20034845
08336084GEMI,Steinen,2022-12-31,224,10508,46853237
08336084GEMI,Steinen,2023-12-31,223,10425,46853237
08336084GEMI,Steinen,2024-12-31,222,10409,46853222
08336087GEMI,"Todtnau, Stadt",2022-12-31,72,5009,69752267
08336087GEMI,"Todtnau, Stadt",2023-12-31,72,5020,69752264
08336087GEMI,"Todtnau, Stadt",2024-12-31,71,4960,69752237
08336089GEMI,Tunau,2022-12-31,44,179,4046626
08336089GEMI,Tunau,2023-12-31,46,187,4046626
08336089GEMI,Tunau,2024-12-31,45,184,4046627
08336090GEMI,Utzenfeld,2022-12-31,82,603,7396641
08336090GEMI,Utzenfeld,2023-12-31,83,615,7396641
08336090GEMI,Utzenfeld,2024-12-31,81,596,7396637
08336091GEMI,"Weil am Rhein, Stadt",2022-12-31,1628,31681,19464484
08336091GEMI,"Weil am Rhein, Stadt",2023-12-31,1644,32002,19464485
08336091GEMI,"Weil am Rhein, Stadt",2024-12-31,1656,32236,19464475
08336094GEMI,Wembach,2022-12-31,184,330,1797182
08336094GEMI,Wembach,2023-12-31,179,322,1797183
08336094GEMI,Wembach,2024-12-31,169,304,1797181
08336096GEMI,Wieden,2022-12-31,44,540,12252008
08336096GEMI,Wieden,2023-12-31,46,562,12252009
08336096GEMI,Wieden,2024-12-31,46,560,12252005
08336100GEMI,Wittlingen,2022-12-31,206,926,4496746
08336100GEMI,Wittlingen,2023-12-31,208,936,4496746
08336100GEMI,Wittlingen,2024-12-31,207,930,4496743
08336103GEMI,"Zell im Wiesental, Stadt",2022-12-31,171,6192,36120762
08336103GEMI,"Zell im Wiesental, Stadt",2023-12-31,173,6248,36120765
08336103GEMI,"Zell im Wiesental, Stadt",2024-12-31,172,6204,36120753
08336104GEMI,Malsburg-Marzell,2022-12-31,59,1479,24898506
08336104GEMI,Malsburg-Marzell,2023-12-31,58,1448,24898506
08336104GEMI,Malsburg-Marzell,2024-12-31,58,1443,24898501
08336105GEMI,Grenzach-Wyhlen,2022-12-31,884,15254,17255774
08336105GEMI,Grenzach-Wyhlen,2023-12-31,887,15308,17255771
08336105GEMI,Grenzach-Wyhlen,2024-12-31,897,15476,17255766
08336106GEMI,Häg-Ehrsberg,2022-12-31,33,820,25036278
08336106GEMI,Häg-Ehrsberg,2023-12-31,32,808,25036278
08336106GEMI,Häg-Ehrsberg,2024-12-31,32,810,25036270
08336107GEMI,Kleines Wiesental,2022-12-31,39,2997,77819676
08336107GEMI,Kleines Wiesental,2023-12-31,38,2969,77819676
08336107GEMI,Kleines Wiesental,2024-12-31,38,2970,77819652
08337002GEMI,Albbruck,2022-12-31,185,7337,39697673
08337002GEMI,Albbruck,2023-12-31,185,7351,39697675
08337002GEMI,Albbruck,2024-12-31,188,7451,39697671
08337013GEMI,Bernau im Schwarzwald,2022-12-31,48,1835,38000813
08337013GEMI,Bernau im Schwarzwald,2023-12-31,49,1855,38000808
08337013GEMI,Bernau im Schwarzwald,2024-12-31,48,1806,38000805
08337022GEMI,"Bonndorf im Schwarzwald, Stadt",2022-12-31,90,6867,75905577
08337022GEMI,"Bonndorf im Schwarzwald, Stadt",2023-12-31,90,6862,75905579
08337022GEMI,"Bonndorf im Schwarzwald, Stadt",2024-12-31,90,6802,75905570
08337027GEMI,Dachsberg (Südschwarzwald),2022-12-31,38,1366,35596128
08337027GEMI,Dachsberg (Südschwarzwald),2023-12-31,39,1376,35596129
08337027GEMI,Dachsberg (Südschwarzwald),2024-12-31,39,1380,35596130
08337030GEMI,Dettighofen,2022-12-31,76,1099,14384543
08337030GEMI,Dettighofen,2023-12-31,79,1137,14384547
08337030GEMI,Dettighofen,2024-12-31,79,1131,14384550
08337032GEMI,Dogern,2022-12-31,305,2273,7449728
08337032GEMI,Dogern,2023-12-31,306,2280,7449727
08337032GEMI,Dogern,2024-12-31,303,2254,7449723
08337038GEMI,Görwihl,2022-12-31,84,4233,50409937
08337038GEMI,Görwihl,2023-12-31,82,4150,50409936
08337038GEMI,Görwihl,2024-12-31,83,4174,50409930
08337039GEMI,Grafenhausen,2022-12-31,46,2252,48540464
08337039GEMI,Grafenhausen,2023-12-31,47,2271,48540466
08337039GEMI,Grafenhausen,2024-12-31,47,2271,48540460
08337045GEMI,Häusern,2022-12-31,149,1326,8884786
08337045GEMI,Häusern,2023-12-31,150,1329,8884787
08337045GEMI,Häusern,2024-12-31,147,1304,8884785
08337049GEMI,Herrischried,2022-12-31,71,2664,37510300
08337049GEMI,Herrischried,2023-12-31,70,2637,37510297
08337049GEMI,Herrischried,2024-12-31,71,2648,37510288
08337051GEMI,Höchenschwand,2022-12-31,87,2583,29559215
08337051GEMI,Höchenschwand,2023-12-31,88,2597,29559214
08337051GEMI,Höchenschwand,2024-12-31,87,2563,29559218
08337053GEMI,Hohentengen am Hochrhein,2022-12-31,136,3744,27586379
08337053GEMI,Hohentengen am Hochrhein,2023-12-31,136,3751,27586379
08337053GEMI,Hohentengen am Hochrhein,2024-12-31,132,3633,27586377
08337059GEMI,Ibach,2022-12-31,15,327,21377863
08337059GEMI,Ibach,2023-12-31,16,340,21377865
08337059GEMI,Ibach,2024-12-31,16,337,21377863
08337060GEMI,Jestetten,2022-12-31,254,5236,20615239
08337060GEMI,Jestetten,2023-12-31,256,5284,20615239
08337060GEMI,Jestetten,2024-12-31,257,5290,20615239
08337062GEMI,Klettgau,2022-12-31,163,7479,45867229
08337062GEMI,Klettgau,2023-12-31,164,7519,45867227
08337062GEMI,Klettgau,2024-12-31,162,7445,45867224
08337065GEMI,Lauchringen,2022-12-31,629,8029,12765838
08337065GEMI,Lauchringen,2023-12-31,633,8078,12765854
08337065GEMI,Lauchringen,2024-12-31,637,8137,12765853
08337066GEMI,"Laufenburg (Baden), Stadt",2022-12-31,390,9183,23566200
08337066GEMI,"Laufenburg (Baden), Stadt",2023-12-31,392,9229,23566205
08337066GEMI,"Laufenburg (Baden), Stadt",2024-12-31,396,9335,23566195
08337070GEMI,Lottstetten,2022-12-31,168,2250,13394988
08337070GEMI,Lottstetten,2023-12-31,172,2305,13394987
08337070GEMI,Lottstetten,2024-12-31,173,2313,13394989
08337076GEMI,Murg,2022-12-31,328,6853,20906787
08337076GEMI,Murg,2023-12-31,330,6903,20906786
08337076GEMI,Murg,2024-12-31,330,6900,20906788
08337090GEMI,Rickenbach,2022-12-31,110,3803,34650001
08337090GEMI,Rickenbach,2023-12-31,110,3823,34650005
08337090GEMI,Rickenbach,2024-12-31,109,3764,34650000
08337096GEMI,"Bad Säckingen, Stadt",2022-12-31,700,17733,25349966
08337096GEMI,"Bad Säckingen, Stadt",2023-12-31,699,17713,25349966
08337096GEMI,"Bad Säckingen, Stadt",2024-12-31,701,17767,25349963
08337097GEMI,"St. Blasien, Stadt",2022-12-31,70,3807,54409127
08337097GEMI,"St. Blasien, Stadt",2023-12-31,71,3848,54409128
08337097GEMI,"St. Blasien, Stadt",2024-12-31,70,3818,54409132
08337106GEMI,"Stühlingen, Stadt",2022-12-31,58,5391,93200064
08337106GEMI,"Stühlingen, Stadt",2023-12-31,58,5384,93198625
08337106GEMI,"Stühlingen, Stadt",2024-12-31,57,5351,93198633
08337108GEMI,Todtmoos,2022-12-31,69,1930,28087431
08337108GEMI,Todtmoos,2023-12-31,71,1992,28087431
08337108GEMI,Todtmoos,2024-12-31,69,1938,28087435
08337116GEMI,"Wehr, Stadt",2022-12-31,365,13019,35637672
08337116GEMI,"Wehr, Stadt",2023-12-31,365,13022,35637672
08337116GEMI,"Wehr, Stadt",2024-12-31,368,13126,35637662
08337118GEMI,Weilheim,2022-12-31,87,3104,35650695
08337118GEMI,Weilheim,2023-12-31,88,3132,35650693
08337118GEMI,Weilheim,2024-12-31,89,3167,35650694
08337123GEMI,Wutöschingen,2022-12-31,255,6738,26474171
08337123GEMI,Wutöschingen,2023-12-31,255,6738,26474160
08337123GEMI,Wutöschingen,2024-12-31,254,6726,26474162
08337124GEMI,Eggingen,2022-12-31,125,1749,13949788
08337124GEMI,Eggingen,2023-12-31,126,1757,13951223
08337124GEMI,Eggingen,2024-12-31,126,1762,13951221
08337125GEMI,Küssaberg,2022-12-31,210,5494,26165944
08337125GEMI,Küssaberg,2023-12-31,211,5510,26165942
08337125GEMI,Küssaberg,2024-12-31,211,5520,26165944
08337126GEMI,"Waldshut-Tiengen, Stadt",2022-12-31,316,24606,77964695
08337126GEMI,"Waldshut-Tiengen, Stadt",2023-12-31,322,25137,77964698
08337126GEMI,"Waldshut-Tiengen, Stadt",2024-12-31,321,25019,77964697
08337127GEMI,Wutach,2022-12-31,39,1185,30514622
08337127GEMI,Wutach,2023-12-31,39,1195,30514623
08337127GEMI,Wutach,2024-12-31,39,1192,30514613
08337128GEMI,Ühlingen-Birkendorf,2022-12-31,68,5270,77075770
08337128GEMI,Ühlingen-Birkendorf,2023-12-31,68,5272,77075770
08337128GEMI,Ühlingen-Birkendorf,2024-12-31,68,5255,77075758
08415014GEMI,Dettingen an der Erms,2022-12-31,623,9847,15793908
08415014GEMI,Dettingen an der Erms,2023-12-31,638,10076,15793907
08415014GEMI,Dettingen an der Erms,2024-12-31,633,9993,15793885
08415019GEMI,Eningen unter Achalm,2022-12-31,498,11514,23130249
08415019GEMI,Eningen unter Achalm,2023-12-31,503,11646,23130249
08415019GEMI,Eningen unter Achalm,2024-12-31,497,11506,23130254
08415027GEMI,Gomadingen,2022-12-31,47,2132,45829074
08415027GEMI,Gomadingen,2023-12-31,48,2213,45829076
08415027GEMI,Gomadingen,2024-12-31,48,2200,45829075
08415028GEMI,Grabenstetten,2022-12-31,118,1711,14532173
08415028GEMI,Grabenstetten,2023-12-31,118,1713,14532171
08415028GEMI,Grabenstetten,2024-12-31,119,1726,14532171
08415029GEMI,Grafenberg,2022-12-31,770,2696,3502810
08415029GEMI,Grafenberg,2023-12-31,761,2666,3502811
08415029GEMI,Grafenberg,2024-12-31,751,2632,3502810
08415034GEMI,"Hayingen, Stadt",2022-12-31,35,2188,63368016
08415034GEMI,"Hayingen, Stadt",2023-12-31,35,2229,63368013
08415034GEMI,"Hayingen, Stadt",2024-12-31,35,2211,63368019
08415039GEMI,Hülben,2022-12-31,476,3050,6406084
08415039GEMI,Hülben,2023-12-31,490,3142,6406085
08415039GEMI,Hülben,2024-12-31,489,3135,6406085
08415048GEMI,Mehrstetten,2022-12-31,85,1455,17100485
08415048GEMI,Mehrstetten,2023-12-31,86,1478,17100485
08415048GEMI,Mehrstetten,2024-12-31,88,1502,17100486
08415050GEMI,"Metzingen, Stadt",2022-12-31,669,23106,34547213
08415050GEMI,"Metzingen, Stadt",2023-12-31,669,23118,34547215
08415050GEMI,"Metzingen, Stadt",2024-12-31,671,23178,34547241
08415053GEMI,"Münsingen, Stadt",2022-12-31,125,14633,116930070
08415053GEMI,"Münsingen, Stadt",2023-12-31,126,14744,116930215
08415053GEMI,"Münsingen, Stadt",2024-12-31,126,14772,116930214
08415058GEMI,Pfronstetten,2022-12-31,28,1505,54090192
08415058GEMI,Pfronstetten,2023-12-31,28,1518,54090192
08415058GEMI,Pfronstetten,2024-12-31,28,1523,54090189
08415059GEMI,"Pfullingen, Stadt",2022-12-31,643,19383,30143943
08415059GEMI,"Pfullingen, Stadt",2023-12-31,650,19604,30143941
08415059GEMI,"Pfullingen, Stadt",2024-12-31,655,19759,30143951
08415060GEMI,Pliezhausen,2022-12-31,572,9898,17307661
08415060GEMI,Pliezhausen,2023-12-31,570,9866,17307662
08415060GEMI,Pliezhausen,2024-12-31,567,9821,17307661
08415061GEMI,"Reutlingen, Stadt",2022-12-31,1352,117700,87040690
08415061GEMI,"Reutlingen, Stadt",2023-12-31,1365,118770,87041155
08415061GEMI,"Reutlingen, Stadt",2024-12-31,1365,118852,87041190
08415062GEMI,Riederich,2022-12-31,918,4258,4636791
08415062GEMI,Riederich,2023-12-31,912,4231,4636805
08415062GEMI,Riederich,2024-12-31,907,4206,4636806
08415073GEMI,"Trochtelfingen, Stadt",2022-12-31,79,6223,79200111
08415073GEMI,"Trochtelfingen, Stadt",2023-12-31,79,6246,79200111
08415073GEMI,"Trochtelfingen, Stadt",2024-12-31,79,6264,79200114
08415078GEMI,"Bad Urach, Stadt",2022-12-31,231,12828,55423370
08415078GEMI,"Bad Urach, Stadt",2023-12-31,230,12774,55423366
08415078GEMI,"Bad Urach, Stadt",2024-12-31,230,12751,55423374
08415080GEMI,Wannweil,2022-12-31,984,5249,5335700
08415080GEMI,Wannweil,2023-12-31,996,5313,5335700
08415080GEMI,Wannweil,2024-12-31,1003,5352,5335705
08415085GEMI,Zwiefalten,2022-12-31,50,2285,45393521
08415085GEMI,Zwiefalten,2023-12-31,51,2309,45393522
08415085GEMI,Zwiefalten,2024-12-31,51,2305,45393523
08415087GEMI,Walddorfhäslach,2022-12-31,375,5413,14441758
08415087GEMI,Walddorfhäslach,2023-12-31,378,5459,14441756
08415087GEMI,Walddorfhäslach,2024-12-31,378,5457,14441761
08415088GEMI,Römerstein,2022-12-31,88,4046,46036385
08415088GEMI,Römerstein,2023-12-31,88,4067,46036385
08415088GEMI,Römerstein,2024-12-31,89,4094,46036383
08415089GEMI,Engstingen,2022-12-31,162,5102,31521493
08415089GEMI,Engstingen,2023-12-31,161,5079,31521492
08415089GEMI,Engstingen,2024-12-31,160,5041,31521499
08415090GEMI,Hohenstein,2022-12-31,61,3758,61714371
08415090GEMI,Hohenstein,2023-12-31,62,3803,61714374
08415090GEMI,Hohenstein,2024-12-31,61,3788,61714379
08415091GEMI,Sonnenbühl,2022-12-31,115,7038,61254477
08415091GEMI,Sonnenbühl,2023-12-31,115,7023,61254478
08415091GEMI,Sonnenbühl,2024-12-31,115,7022,61254463
08415092GEMI,Lichtenstein,2022-12-31,267,9143,34238599
08415092GEMI,Lichtenstein,2023-12-31,267,9131,34238602
08415092GEMI,Lichtenstein,2024-12-31,268,9191,34238608
08415093GEMI,St. Johann,2022-12-31,88,5174,58922694
08415093GEMI,St. Johann,2023-12-31,88,5167,58922693
08415093GEMI,St. Johann,2024-12-31,88,5202,58922692
08416006GEMI,Bodelshausen,2022-12-31,412,5698,13825386
08416006GEMI,Bodelshausen,2023-12-31,419,5796,13825384
08416006GEMI,Bodelshausen,2024-12-31,420,5805,13825388
08416009GEMI,Dettenhausen,2022-12-31,501,5515,11015173
08416009GEMI,Dettenhausen,2023-12-31,506,5570,11015172
08416009GEMI,Dettenhausen,2024-12-31,503,5543,11015175
08416011GEMI,Dußlingen,2022-12-31,469,6124,13049910
08416011GEMI,Dußlingen,2023-12-31,469,6118,13049909
08416011GEMI,Dußlingen,2024-12-31,471,6153,13049912
08416015GEMI,Gomaringen,2022-12-31,524,9068,17319414
08416015GEMI,Gomaringen,2023-12-31,525,9093,17319415
08416015GEMI,Gomaringen,2024-12-31,524,9080,17319420
08416018GEMI,Hirrlingen,2022-12-31,245,3141,12826454
08416018GEMI,Hirrlingen,2023-12-31,246,3151,12826454
08416018GEMI,Hirrlingen,2024-12-31,243,3123,12826455
08416022GEMI,Kirchentellinsfurt,2022-12-31,502,5520,10989821
08416022GEMI,Kirchentellinsfurt,2023-12-31,506,5563,10989817
08416022GEMI,Kirchentellinsfurt,2024-12-31,500,5492,10989820
08416023GEMI,Kusterdingen,2022-12-31,359,8714,24242461
08416023GEMI,Kusterdingen,2023-12-31,367,8890,24242460
08416023GEMI,Kusterdingen,2024-12-31,372,9016,24242461
08416025GEMI,"Mössingen, Stadt",2022-12-31,433,21684,50025595
08416025GEMI,"Mössingen, Stadt",2023-12-31,435,21766,50025670
08416025GEMI,"Mössingen, Stadt",2024-12-31,435,21751,50025681
08416026GEMI,Nehren,2022-12-31,513,4405,8580624
08416026GEMI,Nehren,2023-12-31,517,4439,8580623
08416026GEMI,Nehren,2024-12-31,512,4390,8580625
08416031GEMI,Ofterdingen,2022-12-31,357,5412,15152656
08416031GEMI,Ofterdingen,2023-12-31,363,5506,15152627
08416031GEMI,Ofterdingen,2024-12-31,363,5505,15152631
08416036GEMI,"Rottenburg am Neckar, Stadt",2022-12-31,319,45327,142265362
08416036GEMI,"Rottenburg am Neckar, Stadt",2023-12-31,320,45475,142265404
08416036GEMI,"Rottenburg am Neckar, Stadt",2024-12-31,321,45677,142265414
08416041GEMI,"Tübingen, Universitätsstadt",2022-12-31,841,90921,108069941
08416041GEMI,"Tübingen, Universitätsstadt",2023-12-31,849,91763,108069945
08416041GEMI,"Tübingen, Universitätsstadt",2024-12-31,854,92322,108069962
08416048GEMI,Ammerbuch,2022-12-31,237,11384,48040392
08416048GEMI,Ammerbuch,2023-12-31,240,11552,48040386
08416048GEMI,Ammerbuch,2024-12-31,240,11522,48040392
08416049GEMI,Neustetten,2022-12-31,237,3769,15874745
08416049GEMI,Neustetten,2023-12-31,242,3846,15874745
08416049GEMI,Neustetten,2024-12-31,239,3794,15874744
08416050GEMI,Starzach,2022-12-31,155,4305,27839719
08416050GEMI,Starzach,2023-12-31,157,4369,27839713
08416050GEMI,Starzach,2024-12-31,157,4373,27839710
08417002GEMI,"Balingen, Stadt",2022-12-31,391,35345,90324159
08417002GEMI,"Balingen, Stadt",2023-12-31,393,35474,90324160
08417002GEMI,"Balingen, Stadt",2024-12-31,394,35623,90324168
08417008GEMI,Bisingen,2022-12-31,292,9579,32834938
08417008GEMI,Bisingen,2023-12-31,292,9589,32834938
08417008GEMI,Bisingen,2024-12-31,290,9506,32834943
08417010GEMI,Bitz,2022-12-31,434,3827,8822487
08417010GEMI,Bitz,2023-12-31,432,3812,8822485
08417010GEMI,Bitz,2024-12-31,432,3812,8822487
08417013GEMI,"Burladingen, Stadt",2022-12-31,98,12134,123305001
08417013GEMI,"Burladingen, Stadt",2023-12-31,98,12131,123304998
08417013GEMI,"Burladingen, Stadt",2024-12-31,98,12124,123305005
08417014GEMI,Dautmergen,2022-12-31,100,455,4543254
08417014GEMI,Dautmergen,2023-12-31,99,452,4543253
08417014GEMI,Dautmergen,2024-12-31,101,459,4543252
08417015GEMI,Dormettingen,2022-12-31,166,1086,6553846
08417015GEMI,Dormettingen,2023-12-31,168,1101,6553847
08417015GEMI,Dormettingen,2024-12-31,164,1076,6553844
08417016GEMI,Dotternhausen,2022-12-31,182,1821,10006250
08417016GEMI,Dotternhausen,2023-12-31,181,1816,10006250
08417016GEMI,Dotternhausen,2024-12-31,184,1840,10006252
08417022GEMI,"Geislingen, Stadt",2022-12-31,184,5869,31955737
08417022GEMI,"Geislingen, Stadt",2023-12-31,185,5903,31955737
08417022GEMI,"Geislingen, Stadt",2024-12-31,184,5870,31955733
08417023GEMI,Grosselfingen,2022-12-31,135,2173,16150652
08417023GEMI,Grosselfingen,2023-12-31,136,2189,16150651
08417023GEMI,Grosselfingen,2024-12-31,136,2198,16150651
08417025GEMI,"Haigerloch, Stadt",2022-12-31,142,10840,76438375
08417025GEMI,"Haigerloch, Stadt",2023-12-31,143,10914,76438369
08417025GEMI,"Haigerloch, Stadt",2024-12-31,143,10930,76438372
08417029GEMI,Hausen am Tann,2022-12-31,59,497,8485518
08417029GEMI,Hausen am Tann,2023-12-31,58,493,8485518
08417029GEMI,Hausen am Tann,2024-12-31,58,491,8485516
08417031GEMI,"Hechingen, Stadt",2022-12-31,295,19623,66414215
08417031GEMI,"Hechingen, Stadt",2023-12-31,297,19692,66414130
08417031GEMI,"Hechingen, Stadt",2024-12-31,298,19807,66414139
08417036GEMI,Jungingen,2022-12-31,147,1369,9328926
08417036GEMI,Jungingen,2023-12-31,150,1403,9328927
08417036GEMI,Jungingen,2024-12-31,152,1419,9328925
08417044GEMI,"Meßstetten, Stadt",2022-12-31,147,11270,76802099
08417044GEMI,"Meßstetten, Stadt",2023-12-31,141,10822,76801985
08417044GEMI,"Meßstetten, Stadt",2024-12-31,139,10677,76802130
08417045GEMI,Nusplingen,2022-12-31,91,1887,20755795
08417045GEMI,Nusplingen,2023-12-31,92,1909,20755878
08417045GEMI,Nusplingen,2024-12-31,92,1910,20755878
08417047GEMI,Obernheim,2022-12-31,99,1491,15007751
08417047GEMI,Obernheim,2023-12-31,99,1488,15007866
08417047GEMI,Obernheim,2024-12-31,97,1458,15007725
08417051GEMI,Rangendingen,2022-12-31,246,5336,21664533
08417051GEMI,Rangendingen,2023-12-31,247,5343,21664532
08417051GEMI,Rangendingen,2024-12-31,247,5343,21664530
08417052GEMI,Ratshausen,2022-12-31,132,759,5761937
08417052GEMI,Ratshausen,2023-12-31,134,771,5761937
08417052GEMI,Ratshausen,2024-12-31,138,793,5761939
08417054GEMI,"Rosenfeld, Stadt",2022-12-31,125,6409,51106360
08417054GEMI,"Rosenfeld, Stadt",2023-12-31,126,6454,51106363
08417054GEMI,"Rosenfeld, Stadt",2024-12-31,125,6393,51106365
08417057GEMI,"Schömberg, Stadt",2022-12-31,201,4664,23253598
08417057GEMI,"Schömberg, Stadt",2023-12-31,205,4766,23253599
08417057GEMI,"Schömberg, Stadt",2024-12-31,207,4814,23253598
08417063GEMI,Straßberg,2022-12-31,99,2455,24909329
08417063GEMI,Straßberg,2023-12-31,100,2497,24909331
08417063GEMI,Straßberg,2024-12-31,99,2474,24909330
08417071GEMI,Weilen unter den Rinnen,2022-12-31,193,596,3082776
08417071GEMI,Weilen unter den Rinnen,2023-12-31,191,589,3082776
08417071GEMI,Weilen unter den Rinnen,2024-12-31,189,584,3082773
08417075GEMI,Winterlingen,2022-12-31,125,6334,50633978
08417075GEMI,Winterlingen,2023-12-31,125,6352,50633977
08417075GEMI,Winterlingen,2024-12-31,125,6339,50633980
08417078GEMI,Zimmern unter der Burg,2022-12-31,85,430,5043937
08417078GEMI,Zimmern unter der Burg,2023-12-31,91,460,5043937
08417078GEMI,Zimmern unter der Burg,2024-12-31,86,436,5043938
08417079GEMI,"Albstadt, Stadt",2022-12-31,346,46477,134397755
08417079GEMI,"Albstadt, Stadt",2023-12-31,349,46919,134397752
08417079GEMI,"Albstadt, Stadt",2024-12-31,349,46950,134397786
08421000GEMI,"Ulm, Universitätsstadt",2022-12-31,1078,127932,118680133
08421000GEMI,"Ulm, Universitätsstadt",2023-12-31,1087,128998,118680127
08421000GEMI,"Ulm, Universitätsstadt",2024-12-31,1094,129882,118680133
08425002GEMI,Allmendingen,2022-12-31,107,4909,45869420
08425002GEMI,Allmendingen,2023-12-31,107,4915,45869427
08425002GEMI,Allmendingen,2024-12-31,107,4927,45869425
08425004GEMI,Altheim,2022-12-31,74,574,7799749
08425004GEMI,Altheim,2023-12-31,73,569,7799750
08425004GEMI,Altheim,2024-12-31,75,582,7799753
08425005GEMI,Altheim (Alb),2022-12-31,66,1688,25770157
08425005GEMI,Altheim (Alb),2023-12-31,66,1692,25770157
08425005GEMI,Altheim (Alb),2024-12-31,68,1757,25770157
08425008GEMI,Amstetten,2022-12-31,83,4141,49801140
08425008GEMI,Amstetten,2023-12-31,84,4190,49801153
08425008GEMI,Amstetten,2024-12-31,84,4208,49801116
08425011GEMI,Asselfingen,2022-12-31,80,1026,12860406
08425011GEMI,Asselfingen,2023-12-31,80,1030,12860405
08425011GEMI,Asselfingen,2024-12-31,80,1030,12860403
08425013GEMI,Ballendorf,2022-12-31,49,695,14217865
08425013GEMI,Ballendorf,2023-12-31,48,687,14217888
08425013GEMI,Ballendorf,2024-12-31,49,696,14217887
08425014GEMI,Beimerstetten,2022-12-31,171,2448,14342897
08425014GEMI,Beimerstetten,2023-12-31,172,2467,14342892
08425014GEMI,Beimerstetten,2024-12-31,173,2479,14342889
08425017GEMI,Berghülen,2022-12-31,76,1990,26131650
08425017GEMI,Berghülen,2023-12-31,79,2062,26131650
08425017GEMI,Berghülen,2024-12-31,78,2051,26131494
08425019GEMI,Bernstadt,2022-12-31,162,2254,13938528
08425019GEMI,Bernstadt,2023-12-31,164,2288,13938525
08425019GEMI,Bernstadt,2024-12-31,166,2318,13938509
08425020GEMI,"Blaubeuren, Stadt",2022-12-31,160,12670,79108741
08425020GEMI,"Blaubeuren, Stadt",2023-12-31,160,12665,79108744
08425020GEMI,"Blaubeuren, Stadt",2024-12-31,161,12719,79107836
08425022GEMI,Börslingen,2022-12-31,29,180,6281035
08425022GEMI,Börslingen,2023-12-31,28,178,6281037
08425022GEMI,Börslingen,2024-12-31,27,168,6281038
08425024GEMI,Breitingen,2022-12-31,126,364,2886325
08425024GEMI,Breitingen,2023-12-31,123,354,2886325
08425024GEMI,Breitingen,2024-12-31,123,354,2886325
08425028GEMI,"Dietenheim, Stadt",2022-12-31,369,6914,18753092
08425028GEMI,"Dietenheim, Stadt",2023-12-31,364,6832,18752964
08425028GEMI,"Dietenheim, Stadt",2024-12-31,365,6843,18752959
08425031GEMI,Dornstadt,2022-12-31,154,9136,59234099
08425031GEMI,Dornstadt,2023-12-31,155,9207,59234099
08425031GEMI,Dornstadt,2024-12-31,156,9241,59234099
08425033GEMI,"Ehingen (Donau), Stadt",2022-12-31,154,27508,178332365
08425033GEMI,"Ehingen (Donau), Stadt",2023-12-31,156,27751,178332179
08425033GEMI,"Ehingen (Donau), Stadt",2024-12-31,156,27764,178332140
08425035GEMI,Emeringen,2022-12-31,22,165,7519036
08425035GEMI,Emeringen,2023-12-31,22,166,7519036
08425035GEMI,Emeringen,2024-12-31,23,176,7519036
08425036GEMI,Emerkingen,2022-12-31,112,830,7399740
08425036GEMI,Emerkingen,2023-12-31,111,823,7399739
08425036GEMI,Emerkingen,2024-12-31,110,816,7399744
08425039GEMI,"Erbach, Stadt",2022-12-31,220,13923,63286258
08425039GEMI,"Erbach, Stadt",2023-12-31,224,14157,63286255
08425039GEMI,"Erbach, Stadt",2024-12-31,223,14140,63286281
08425050GEMI,Griesingen,2022-12-31,124,1014,8150509
08425050GEMI,Griesingen,2023-12-31,126,1023,8150510
08425050GEMI,Griesingen,2024-12-31,125,1015,8150542
08425052GEMI,Grundsheim,2022-12-31,58,214,3696615
08425052GEMI,Grundsheim,2023-12-31,55,205,3696615
08425052GEMI,Grundsheim,2024-12-31,55,203,3696617
08425055GEMI,Hausen am Bussen,2022-12-31,79,277,3522347
08425055GEMI,Hausen am Bussen,2023-12-31,77,272,3522347
08425055GEMI,Hausen am Bussen,2024-12-31,80,283,3522348
08425062GEMI,Holzkirch,2022-12-31,33,271,8140847
08425062GEMI,Holzkirch,2023-12-31,34,273,8140847
08425062GEMI,Holzkirch,2024-12-31,35,283,8140846
08425064GEMI,Hüttisheim,2022-12-31,145,1502,10356670
08425064GEMI,Hüttisheim,2023-12-31,146,1510,10356670
08425064GEMI,Hüttisheim,2024-12-31,147,1524,10356670
08425066GEMI,Illerrieden,2022-12-31,186,3369,18160753
08425066GEMI,Illerrieden,2023-12-31,186,3376,18160753
08425066GEMI,Illerrieden,2024-12-31,185,3361,18160752
08425071GEMI,"Laichingen, Stadt",2022-12-31,174,12131,69830162
08425071GEMI,"Laichingen, Stadt",2023-12-31,177,12338,69830071
08425071GEMI,"Laichingen, Stadt",2024-12-31,178,12425,69831062
08425072GEMI,"Langenau, Stadt",2022-12-31,202,15125,75025528
08425072GEMI,"Langenau, Stadt",2023-12-31,204,15287,75025562
08425072GEMI,"Langenau, Stadt",2024-12-31,204,15274,75025555
08425073GEMI,Lauterach,2022-12-31,42,572,13758326
08425073GEMI,Lauterach,2023-12-31,42,581,13758328
08425073GEMI,Lauterach,2024-12-31,43,586,13758323
08425075GEMI,Lonsee,2022-12-31,117,5075,43323993
08425075GEMI,Lonsee,2023-12-31,119,5157,43324002
08425075GEMI,Lonsee,2024-12-31,119,5170,43323990
08425079GEMI,Merklingen,2022-12-31,95,2017,21312863
08425079GEMI,Merklingen,2023-12-31,96,2051,21312865
08425079GEMI,Merklingen,2024-12-31,98,2098,21312864
08425081GEMI,"Munderkingen, Stadt",2022-12-31,410,5362,13073365
08425081GEMI,"Munderkingen, Stadt",2023-12-31,414,5408,13073365
08425081GEMI,"Munderkingen, Stadt",2024-12-31,414,5408,13073366
08425083GEMI,Neenstetten,2022-12-31,100,830,8298216
08425083GEMI,Neenstetten,2023-12-31,100,830,8298216
08425083GEMI,Neenstetten,2024-12-31,100,827,8298216
08425084GEMI,Nellingen,2022-12-31,57,2023,35773850
08425084GEMI,Nellingen,2023-12-31,57,2040,35773827
08425084GEMI,Nellingen,2024-12-31,57,2047,35773872
08425085GEMI,Nerenstetten,2022-12-31,59,361,6093087
08425085GEMI,Nerenstetten,2023-12-31,61,373,6093086
08425085GEMI,Nerenstetten,2024-12-31,62,379,6093084
08425088GEMI,Oberdischingen,2022-12-31,254,2241,8823643
08425088GEMI,Oberdischingen,2023-12-31,261,2300,8823643
08425088GEMI,Oberdischingen,2024-12-31,265,2339,8823645
08425090GEMI,Obermarchtal,2022-12-31,49,1312,26588935
08425090GEMI,Obermarchtal,2023-12-31,50,1328,26588934
08425090GEMI,Obermarchtal,2024-12-31,50,1323,26588935
08425091GEMI,Oberstadion,2022-12-31,100,1580,15781329
08425091GEMI,Oberstadion,2023-12-31,100,1573,15781330
08425091GEMI,Oberstadion,2024-12-31,101,1598,15781385
08425092GEMI,Öllingen,2022-12-31,70,568,8090825
08425092GEMI,Öllingen,2023-12-31,67,541,8090823
08425092GEMI,Öllingen,2024-12-31,67,542,8090825
08425093GEMI,Öpfingen,2022-12-31,259,2296,8878346
08425093GEMI,Öpfingen,2023-12-31,256,2269,8878345
08425093GEMI,Öpfingen,2024-12-31,255,2268,8878347
08425097GEMI,Rammingen,2022-12-31,92,1288,14028761
08425097GEMI,Rammingen,2023-12-31,92,1288,14028762
08425097GEMI,Rammingen,2024-12-31,90,1264,14028761
08425098GEMI,Rechtenstein,2022-12-31,77,292,3776304
08425098GEMI,Rechtenstein,2023-12-31,77,289,3776304
08425098GEMI,Rechtenstein,2024-12-31,78,293,3776306
08425104GEMI,Rottenacker,2022-12-31,217,2231,10290117
08425104GEMI,Rottenacker,2023-12-31,217,2233,10290117
08425104GEMI,Rottenacker,2024-12-31,221,2278,10290117
08425108GEMI,"Schelklingen, Stadt",2022-12-31,87,6625,75871263
08425108GEMI,"Schelklingen, Stadt",2023-12-31,87,6621,75871264
08425108GEMI,"Schelklingen, Stadt",2024-12-31,87,6616,75871256
08425110GEMI,Schnürpflingen,2022-12-31,132,1411,10710459
08425110GEMI,Schnürpflingen,2023-12-31,134,1439,10710459
08425110GEMI,Schnürpflingen,2024-12-31,133,1425,10710460
08425112GEMI,Setzingen,2022-12-31,87,731,8419999
08425112GEMI,Setzingen,2023-12-31,89,749,8420001
08425112GEMI,Setzingen,2024-12-31,89,752,8420001
08425123GEMI,Untermarchtal,2022-12-31,155,873,5620809
08425123GEMI,Untermarchtal,2023-12-31,152,853,5620809
08425123GEMI,Untermarchtal,2024-12-31,149,840,5620808
08425124GEMI,Unterstadion,2022-12-31,90,797,8831759
08425124GEMI,Unterstadion,2023-12-31,103,910,8831760
08425124GEMI,Unterstadion,2024-12-31,103,909,8831753
08425125GEMI,Unterwachingen,2022-12-31,75,196,2598234
08425125GEMI,Unterwachingen,2023-12-31,76,198,2598233
08425125GEMI,Unterwachingen,2024-12-31,75,195,2598232
08425130GEMI,Weidenstetten,2022-12-31,80,1378,17214008
08425130GEMI,Weidenstetten,2023-12-31,82,1409,17214009
08425130GEMI,Weidenstetten,2024-12-31,82,1409,17214007
08425134GEMI,Westerheim,2022-12-31,132,3027,22912916
08425134GEMI,Westerheim,2023-12-31,134,3069,22912916
08425134GEMI,Westerheim,2024-12-31,134,3074,22912918
08425135GEMI,Westerstetten,2022-12-31,166,2173,13096294
08425135GEMI,Westerstetten,2023-12-31,162,2124,13096294
08425135GEMI,Westerstetten,2024-12-31,161,2111,13096295
08425137GEMI,Illerkirchberg,2022-12-31,431,4936,11450852
08425137GEMI,Illerkirchberg,2023-12-31,436,4989,11450851
08425137GEMI,Illerkirchberg,2024-12-31,440,5036,11450851
08425138GEMI,Staig,2022-12-31,184,3265,17748023
08425138GEMI,Staig,2023-12-31,186,3295,17748022
08425138GEMI,Staig,2024-12-31,185,3281,17748022
08425139GEMI,Heroldstatt,2022-12-31,127,2860,22581178
08425139GEMI,Heroldstatt,2023-12-31,129,2918,22581094
08425139GEMI,Heroldstatt,2024-12-31,130,2931,22581053
08425140GEMI,Balzheim,2022-12-31,121,2128,17568714
08425140GEMI,Balzheim,2023-12-31,122,2148,17568713
08425140GEMI,Balzheim,2024-12-31,122,2137,17568707
08425141GEMI,"Blaustein, Stadt",2022-12-31,297,16528,55612752
08425141GEMI,"Blaustein, Stadt",2023-12-31,296,16469,55612749
08425141GEMI,"Blaustein, Stadt",2024-12-31,298,16581,55612818
08426001GEMI,Achstetten,2022-12-31,212,4963,23381749
08426001GEMI,Achstetten,2023-12-31,215,5021,23381748
08426001GEMI,Achstetten,2024-12-31,219,5116,23381748
08426005GEMI,Alleshausen,2022-12-31,48,541,11285591
08426005GEMI,Alleshausen,2023-12-31,48,541,11285355
08426005GEMI,Alleshausen,2024-12-31,47,531,11285352
08426006GEMI,Allmannsweiler,2022-12-31,79,323,4102875
08426006GEMI,Allmannsweiler,2023-12-31,79,325,4102874
08426006GEMI,Allmannsweiler,2024-12-31,77,317,4102875
08426008GEMI,Altheim,2022-12-31,89,2104,23729033
08426008GEMI,Altheim,2023-12-31,90,2137,23729036
08426008GEMI,Altheim,2024-12-31,91,2160,23729035
08426011GEMI,Attenweiler,2022-12-31,70,1901,27203184
08426011GEMI,Attenweiler,2023-12-31,70,1908,27203182
08426011GEMI,Attenweiler,2024-12-31,70,1905,27203130
08426013GEMI,"Bad Buchau, Stadt",2022-12-31,195,4627,23745571
08426013GEMI,"Bad Buchau, Stadt",2023-12-31,198,4702,23745573
08426013GEMI,"Bad Buchau, Stadt",2024-12-31,196,4651,23745571
08426014GEMI,"Bad Schussenried, Stadt",2022-12-31,160,8781,55011304
08426014GEMI,"Bad Schussenried, Stadt",2023-12-31,162,8939,55011301
08426014GEMI,"Bad Schussenried, Stadt",2024-12-31,164,9044,55011273
08426019GEMI,Berkheim,2022-12-31,125,3138,25023297
08426019GEMI,Berkheim,2023-12-31,129,3235,25023295
08426019GEMI,Berkheim,2024-12-31,131,3275,25023328
08426020GEMI,Betzenweiler,2022-12-31,79,761,9683423
08426020GEMI,Betzenweiler,2023-12-31,76,738,9683664
08426020GEMI,Betzenweiler,2024-12-31,77,747,9683663
08426021GEMI,"Biberach an der Riß, Stadt",2022-12-31,473,34099,72151041
08426021GEMI,"Biberach an der Riß, Stadt",2023-12-31,477,34425,72151090
08426021GEMI,"Biberach an der Riß, Stadt",2024-12-31,479,34576,72151075
08426028GEMI,Burgrieden,2022-12-31,194,4242,21860860
08426028GEMI,Burgrieden,2023-12-31,195,4265,21860861
08426028GEMI,Burgrieden,2024-12-31,196,4291,21860859
08426031GEMI,Dettingen an der Iller,2022-12-31,243,2713,11142276
08426031GEMI,Dettingen an der Iller,2023-12-31,246,2736,11142278
08426031GEMI,Dettingen an der Iller,2024-12-31,251,2797,11142272
08426035GEMI,Dürmentingen,2022-12-31,110,2646,24123025
08426035GEMI,Dürmentingen,2023-12-31,110,2645,24123012
08426035GEMI,Dürmentingen,2024-12-31,111,2681,24122985
08426036GEMI,Dürnau,2022-12-31,63,459,7277054
08426036GEMI,Dürnau,2023-12-31,63,462,7277055
08426036GEMI,Dürnau,2024-12-31,67,487,7277052
08426038GEMI,Eberhardzell,2022-12-31,75,4506,59715840
08426038GEMI,Eberhardzell,2023-12-31,76,4541,59715807
08426038GEMI,Eberhardzell,2024-12-31,77,4580,59715874
08426043GEMI,Erlenmoos,2022-12-31,75,1829,24255031
08426043GEMI,Erlenmoos,2023-12-31,74,1802,24255032
08426043GEMI,Erlenmoos,2024-12-31,74,1790,24255026
08426044GEMI,Erolzheim,2022-12-31,127,3344,26297084
08426044GEMI,Erolzheim,2023-12-31,128,3363,26297084
08426044GEMI,Erolzheim,2024-12-31,128,3360,26297083
08426045GEMI,Ertingen,2022-12-31,143,5404,37736148
08426045GEMI,Ertingen,2023-12-31,143,5385,37736149
08426045GEMI,Ertingen,2024-12-31,143,5381,37736131
08426058GEMI,Hochdorf,2022-12-31,99,2344,23768132
08426058GEMI,Hochdorf,2023-12-31,100,2384,23768132
08426058GEMI,Hochdorf,2024-12-31,100,2383,23768125
08426062GEMI,Ingoldingen,2022-12-31,71,3126,44228091
08426062GEMI,Ingoldingen,2023-12-31,72,3174,44228088
08426062GEMI,Ingoldingen,2024-12-31,71,3159,44227950
08426064GEMI,Kanzach,2022-12-31,44,490,11147102
08426064GEMI,Kanzach,2023-12-31,46,512,11147105
08426064GEMI,Kanzach,2024-12-31,46,508,11147131
08426065GEMI,Kirchberg an der Iller,2022-12-31,117,2189,18641668
08426065GEMI,Kirchberg an der Iller,2023-12-31,116,2171,18641668
08426065GEMI,Kirchberg an der Iller,2024-12-31,118,2196,18641665
08426066GEMI,Kirchdorf an der Iller,2022-12-31,175,4006,22849709
08426066GEMI,Kirchdorf an der Iller,2023-12-31,177,4041,22849709
08426066GEMI,Kirchdorf an der Iller,2024-12-31,176,4024,22849706
08426067GEMI,Langenenslingen,2022-12-31,41,3652,88330990
08426067GEMI,Langenenslingen,2023-12-31,41,3665,88330993
08426067GEMI,Langenenslingen,2024-12-31,41,3649,88330993
08426070GEMI,"Laupheim, Stadt",2022-12-31,368,22758,61790874
08426070GEMI,"Laupheim, Stadt",2023-12-31,371,22946,61790883
08426070GEMI,"Laupheim, Stadt",2024-12-31,370,22839,61790898
08426071GEMI,Maselheim,2022-12-31,99,4635,47024215
08426071GEMI,Maselheim,2023-12-31,101,4734,47024217
08426071GEMI,Maselheim,2024-12-31,101,4736,47024220
08426073GEMI,Mietingen,2022-12-31,174,4586,26331768
08426073GEMI,Mietingen,2023-12-31,178,4677,26331769
08426073GEMI,Mietingen,2024-12-31,180,4743,26331768
08426074GEMI,Mittelbiberach,2022-12-31,187,4432,23679652
08426074GEMI,Mittelbiberach,2023-12-31,187,4429,23679643
08426074GEMI,Mittelbiberach,2024-12-31,187,4433,23679653
08426078GEMI,Moosburg,2022-12-31,122,227,1854045
08426078GEMI,Moosburg,2023-12-31,125,231,1853999
08426078GEMI,Moosburg,2024-12-31,125,231,1854001
08426087GEMI,"Ochsenhausen, Stadt",2022-12-31,155,9287,59959278
08426087GEMI,"Ochsenhausen, Stadt",2023-12-31,156,9333,59959273
08426087GEMI,"Ochsenhausen, Stadt",2024-12-31,156,9358,59959296
08426090GEMI,Oggelshausen,2022-12-31,72,947,13113197
08426090GEMI,Oggelshausen,2023-12-31,70,919,13113197
08426090GEMI,Oggelshausen,2024-12-31,69,902,13113180
08426097GEMI,"Riedlingen, Stadt",2022-12-31,168,10942,64957268
08426097GEMI,"Riedlingen, Stadt",2023-12-31,172,11187,64957270
08426097GEMI,"Riedlingen, Stadt",2024-12-31,172,11176,64957269
08426100GEMI,Rot an der Rot,2022-12-31,72,4548,63413460
08426100GEMI,Rot an der Rot,2023-12-31,71,4517,63413460
08426100GEMI,Rot an der Rot,2024-12-31,71,4500,63413418
08426108GEMI,Schwendi,2022-12-31,142,7001,49233062
08426108GEMI,Schwendi,2023-12-31,146,7196,49233056
08426108GEMI,Schwendi,2024-12-31,144,7098,49233050
08426109GEMI,Seekirch,2022-12-31,53,305,5764584
08426109GEMI,Seekirch,2023-12-31,49,283,5764586
08426109GEMI,Seekirch,2024-12-31,50,289,5764584
08426113GEMI,Steinhausen an der Rottum,2022-12-31,73,2169,29872826
08426113GEMI,Steinhausen an der Rottum,2023-12-31,72,2157,29872826
08426113GEMI,Steinhausen an der Rottum,2024-12-31,73,2182,29872805
08426117GEMI,Tannheim,2022-12-31,89,2476,27687968
08426117GEMI,Tannheim,2023-12-31,90,2493,27688105
08426117GEMI,Tannheim,2024-12-31,91,2533,27688105
08426118GEMI,Tiefenbach,2022-12-31,78,543,6942890
08426118GEMI,Tiefenbach,2023-12-31,79,546,6942890
08426118GEMI,Tiefenbach,2024-12-31,79,546,6942908
08426120GEMI,Ummendorf,2022-12-31,216,4464,20649120
08426120GEMI,Ummendorf,2023-12-31,214,4429,20649119
08426120GEMI,Ummendorf,2024-12-31,216,4456,20649120
08426121GEMI,Unlingen,2022-12-31,90,2416,26867247
08426121GEMI,Unlingen,2023-12-31,89,2401,26867264
08426121GEMI,Unlingen,2024-12-31,90,2411,26867266
08426124GEMI,Uttenweiler,2022-12-31,75,3721,49772279
08426124GEMI,Uttenweiler,2023-12-31,76,3772,49772323
08426124GEMI,Uttenweiler,2024-12-31,75,3751,49772317
08426125GEMI,Wain,2022-12-31,83,1664,20141565
08426125GEMI,Wain,2023-12-31,83,1676,20141566
08426125GEMI,Wain,2024-12-31,82,1661,20141563
08426128GEMI,Warthausen,2022-12-31,202,5209,25742720
08426128GEMI,Warthausen,2023-12-31,202,5203,25750307
08426128GEMI,Warthausen,2024-12-31,207,5341,25750308
08426134GEMI,Schemmerhofen,2022-12-31,174,8721,50170863
08426134GEMI,Schemmerhofen,2023-12-31,174,8722,50163355
08426134GEMI,Schemmerhofen,2024-12-31,176,8807,50163355
08426135GEMI,Gutenzell-Hürbel,2022-12-31,48,1834,37862957
08426135GEMI,Gutenzell-Hürbel,2023-12-31,48,1815,37862956
08426135GEMI,Gutenzell-Hürbel,2024-12-31,48,1814,37862957
08435005GEMI,Bermatingen,2022-12-31,264,4076,15446268
08435005GEMI,Bermatingen,2023-12-31,272,4201,15446267
08435005GEMI,Bermatingen,2024-12-31,269,4160,15446198
08435010GEMI,Daisendorf,2022-12-31,620,1512,2440195
08435010GEMI,Daisendorf,2023-12-31,620,1512,2440194
08435010GEMI,Daisendorf,2024-12-31,623,1521,2440197
08435013GEMI,Eriskirch,2022-12-31,328,4790,14612519
08435013GEMI,Eriskirch,2023-12-31,330,4822,14612518
08435013GEMI,Eriskirch,2024-12-31,331,4834,14612519
08435015GEMI,Frickingen,2022-12-31,114,3008,26428666
08435015GEMI,Frickingen,2023-12-31,116,3057,26428670
08435015GEMI,Frickingen,2024-12-31,118,3111,26428669
08435016GEMI,"Friedrichshafen, Stadt",2022-12-31,892,62410,69930731
08435016GEMI,"Friedrichshafen, Stadt",2023-12-31,900,62929,69930669
08435016GEMI,"Friedrichshafen, Stadt",2024-12-31,898,62796,69930684
08435018GEMI,Hagnau am Bodensee,2022-12-31,488,1435,2940602
08435018GEMI,Hagnau am Bodensee,2023-12-31,481,1413,2940603
08435018GEMI,Hagnau am Bodensee,2024-12-31,477,1402,2940605
08435020GEMI,Heiligenberg,2022-12-31,70,2844,40751191
08435020GEMI,Heiligenberg,2023-12-31,70,2861,40751188
08435020GEMI,Heiligenberg,2024-12-31,70,2836,40751187
08435024GEMI,Immenstaad am Bodensee,2022-12-31,695,6445,9275274
08435024GEMI,Immenstaad am Bodensee,2023-12-31,703,6523,9275274
08435024GEMI,Immenstaad am Bodensee,2024-12-31,695,6448,9275275
08435029GEMI,Kressbronn am Bodensee,2022-12-31,432,8818,20422532
08435029GEMI,Kressbronn am Bodensee,2023-12-31,433,8833,20422534
08435029GEMI,Kressbronn am Bodensee,2024-12-31,427,8727,20422536
08435030GEMI,Langenargen,2022-12-31,500,7631,15274884
08435030GEMI,Langenargen,2023-12-31,497,7592,15274890
08435030GEMI,Langenargen,2024-12-31,493,7525,15274889
08435034GEMI,"Markdorf, Stadt",2022-12-31,349,14274,40905892
08435034GEMI,"Markdorf, Stadt",2023-12-31,351,14342,40905699
08435034GEMI,"Markdorf, Stadt",2024-12-31,350,14300,40905765
08435035GEMI,Meckenbeuren,2022-12-31,433,13811,31894454
08435035GEMI,Meckenbeuren,2023-12-31,431,13733,31894492
08435035GEMI,Meckenbeuren,2024-12-31,431,13735,31894496
08435036GEMI,"Meersburg, Stadt",2022-12-31,489,5899,12073302
08435036GEMI,"Meersburg, Stadt",2023-12-31,491,5929,12073303
08435036GEMI,"Meersburg, Stadt",2024-12-31,493,5956,12073301
08435042GEMI,Neukirch,2022-12-31,101,2681,26594884
08435042GEMI,Neukirch,2023-12-31,101,2694,26594455
08435042GEMI,Neukirch,2024-12-31,102,2725,26594458
08435045GEMI,Oberteuringen,2022-12-31,245,4924,20083982
08435045GEMI,Oberteuringen,2023-12-31,250,5014,20083986
08435045GEMI,Oberteuringen,2024-12-31,251,5035,20083984
08435047GEMI,Owingen,2022-12-31,123,4508,36727758
08435047GEMI,Owingen,2023-12-31,123,4506,36727756
08435047GEMI,Owingen,2024-12-31,122,4492,36727750
08435052GEMI,Salem,2022-12-31,192,12015,62689175
08435052GEMI,Salem,2023-12-31,196,12256,62689176
08435052GEMI,Salem,2024-12-31,195,12243,62689169
08435053GEMI,Sipplingen,2022-12-31,503,2151,4274472
08435053GEMI,Sipplingen,2023-12-31,502,2147,4274470
08435053GEMI,Sipplingen,2024-12-31,491,2098,4274471
08435054GEMI,Stetten,2022-12-31,229,985,4299491
08435054GEMI,Stetten,2023-12-31,230,987,4299493
08435054GEMI,Stetten,2024-12-31,224,965,4299493
08435057GEMI,"Tettnang, Stadt",2022-12-31,282,20110,71252712
08435057GEMI,"Tettnang, Stadt",2023-12-31,286,20350,71252677
08435057GEMI,"Tettnang, Stadt",2024-12-31,288,20520,71252676
08435059GEMI,"Überlingen, Stadt",2022-12-31,387,22673,58636788
08435059GEMI,"Überlingen, Stadt",2023-12-31,389,22820,58636792
08435059GEMI,"Überlingen, Stadt",2024-12-31,388,22735,58636802
08435066GEMI,Uhldingen-Mühlhofen,2022-12-31,527,8257,15663737
08435066GEMI,Uhldingen-Mühlhofen,2023-12-31,528,8277,15663735
08435066GEMI,Uhldingen-Mühlhofen,2024-12-31,524,8210,15663744
08435067GEMI,Deggenhausertal,2022-12-31,71,4384,62153026
08435067GEMI,Deggenhausertal,2023-12-31,71,4410,62153020
08435067GEMI,Deggenhausertal,2024-12-31,71,4430,62153022
08436001GEMI,Achberg,2022-12-31,134,1732,12923581
08436001GEMI,Achberg,2023-12-31,132,1706,12923582
08436001GEMI,Achberg,2024-12-31,132,1709,12923582
08436003GEMI,Aichstetten,2022-12-31,85,2854,33742888
08436003GEMI,Aichstetten,2023-12-31,84,2828,33742881
08436003GEMI,Aichstetten,2024-12-31,85,2874,33742877
08436004GEMI,Aitrach,2022-12-31,95,2874,30200482
08436004GEMI,Aitrach,2023-12-31,100,3012,30200482
08436004GEMI,Aitrach,2024-12-31,100,3028,30200480
08436005GEMI,Altshausen,2022-12-31,194,3980,20484581
08436005GEMI,Altshausen,2023-12-31,198,4059,20484579
08436005GEMI,Altshausen,2024-12-31,195,3999,20484582
08436006GEMI,Amtzell,2022-12-31,138,4222,30587628
08436006GEMI,Amtzell,2023-12-31,138,4221,30588284
08436006GEMI,Amtzell,2024-12-31,138,4223,30588251
08436008GEMI,"Aulendorf, Stadt",2022-12-31,196,10256,52334887
08436008GEMI,"Aulendorf, Stadt",2023-12-31,198,10351,52334883
08436008GEMI,"Aulendorf, Stadt",2024-12-31,199,10417,52334910
08436009GEMI,"Bad Waldsee, Stadt",2022-12-31,189,20523,108546164
08436009GEMI,"Bad Waldsee, Stadt",2023-12-31,191,20698,108546164
08436009GEMI,"Bad Waldsee, Stadt",2024-12-31,192,20838,108546239
08436010GEMI,"Bad Wurzach, Stadt",2022-12-31,82,15002,182235303
08436010GEMI,"Bad Wurzach, Stadt",2023-12-31,82,15031,182235305
08436010GEMI,"Bad Wurzach, Stadt",2024-12-31,82,14942,182235326
08436011GEMI,Baienfurt,2022-12-31,454,7267,16013298
08436011GEMI,Baienfurt,2023-12-31,456,7298,16013281
08436011GEMI,Baienfurt,2024-12-31,461,7382,16014915
08436012GEMI,Baindt,2022-12-31,230,5301,23066736
08436012GEMI,Baindt,2023-12-31,228,5255,23066737
08436012GEMI,Baindt,2024-12-31,228,5269,23065104
08436013GEMI,Berg,2022-12-31,157,4461,28423492
08436013GEMI,Berg,2023-12-31,156,4430,28423490
08436013GEMI,Berg,2024-12-31,155,4408,28423490
08436014GEMI,Bergatreute,2022-12-31,137,3175,23169586
08436014GEMI,Bergatreute,2023-12-31,138,3200,23169587
08436014GEMI,Bergatreute,2024-12-31,137,3181,23169577
08436018GEMI,Bodnegg,2022-12-31,127,3117,24571548
08436018GEMI,Bodnegg,2023-12-31,129,3175,24571358
08436018GEMI,Bodnegg,2024-12-31,132,3235,24571389
08436019GEMI,Boms,2022-12-31,78,743,9555452
08436019GEMI,Boms,2023-12-31,77,733,9551045
08436019GEMI,Boms,2024-12-31,75,717,9551049
08436024GEMI,Ebenweiler,2022-12-31,128,1300,10128128
08436024GEMI,Ebenweiler,2023-12-31,135,1369,10128127
08436024GEMI,Ebenweiler,2024-12-31,134,1359,10128126
08436027GEMI,Eichstegen,2022-12-31,37,527,14250480
08436027GEMI,Eichstegen,2023-12-31,37,533,14250478
08436027GEMI,Eichstegen,2024-12-31,37,533,14250479
08436032GEMI,Fleischwangen,2022-12-31,116,671,5807727
08436032GEMI,Fleischwangen,2023-12-31,115,669,5807725
08436032GEMI,Fleischwangen,2024-12-31,112,651,5807726
08436039GEMI,Grünkraut,2022-12-31,181,3111,17147504
08436039GEMI,Grünkraut,2023-12-31,183,3145,17147503
08436039GEMI,Grünkraut,2024-12-31,181,3105,17147503
08436040GEMI,Guggenhausen,2022-12-31,23,186,8259185
08436040GEMI,Guggenhausen,2023-12-31,23,187,8259184
08436040GEMI,Guggenhausen,2024-12-31,23,193,8259186
08436047GEMI,Hoßkirch,2022-12-31,44,700,15805851
08436047GEMI,Hoßkirch,2023-12-31,46,720,15805852
08436047GEMI,Hoßkirch,2024-12-31,47,736,15805848
08436049GEMI,"Isny im Allgäu, Stadt",2022-12-31,172,14702,85385904
08436049GEMI,"Isny im Allgäu, Stadt",2023-12-31,176,15062,85385905
08436049GEMI,"Isny im Allgäu, Stadt",2024-12-31,177,15145,85385890
08436052GEMI,Kißlegg,2022-12-31,100,9202,92448877
08436052GEMI,Kißlegg,2023-12-31,102,9385,92448876
08436052GEMI,Kißlegg,2024-12-31,103,9530,92448914
08436053GEMI,Königseggwald,2022-12-31,101,696,6861517
08436053GEMI,Königseggwald,2023-12-31,101,691,6861517
08436053GEMI,Königseggwald,2024-12-31,99,681,6861520
08436055GEMI,"Leutkirch im Allgäu, Stadt",2022-12-31,136,23737,174974262
08436055GEMI,"Leutkirch im Allgäu, Stadt",2023-12-31,137,23986,174974426
08436055GEMI,"Leutkirch im Allgäu, Stadt",2024-12-31,138,24226,174974354
08436064GEMI,"Ravensburg, Stadt",2022-12-31,547,50339,92049967
08436064GEMI,"Ravensburg, Stadt",2023-12-31,550,50660,92050406
08436064GEMI,"Ravensburg, Stadt",2024-12-31,550,50628,92050414
08436067GEMI,Riedhausen,2022-12-31,98,827,8408193
08436067GEMI,Riedhausen,2023-12-31,97,812,8408194
08436067GEMI,Riedhausen,2024-12-31,100,838,8408195
08436069GEMI,Schlier,2022-12-31,122,3970,32600790
08436069GEMI,Schlier,2023-12-31,124,4037,32600606
08436069GEMI,Schlier,2024-12-31,124,4054,32600606
08436077GEMI,Unterwaldhausen,2022-12-31,68,280,4114361
08436077GEMI,Unterwaldhausen,2023-12-31,67,277,4114361
08436077GEMI,Unterwaldhausen,2024-12-31,68,279,4114362
08436078GEMI,Vogt,2022-12-31,209,4653,22304011
08436078GEMI,Vogt,2023-12-31,210,4689,22304010
08436078GEMI,Vogt,2024-12-31,211,4717,22304009
08436079GEMI,Waldburg,2022-12-31,144,3260,22708582
08436079GEMI,Waldburg,2023-12-31,144,3281,22708584
08436079GEMI,Waldburg,2024-12-31,144,3267,22708582
08436081GEMI,"Wangen im Allgäu, Stadt",2022-12-31,274,27799,101346087
08436081GEMI,"Wangen im Allgäu, Stadt",2023-12-31,276,28010,101346043
08436081GEMI,"Wangen im Allgäu, Stadt",2024-12-31,280,28412,101346035
08436082GEMI,"Weingarten, Stadt",2022-12-31,2028,24659,12161820
08436082GEMI,"Weingarten, Stadt",2023-12-31,2050,24926,12161836
08436082GEMI,"Weingarten, Stadt",2024-12-31,2051,24940,12161840
08436083GEMI,Wilhelmsdorf,2022-12-31,123,4701,38089990
08436083GEMI,Wilhelmsdorf,2023-12-31,125,4746,38089987
08436083GEMI,Wilhelmsdorf,2024-12-31,126,4813,38089991
08436085GEMI,Wolfegg,2022-12-31,96,3800,39496010
08436085GEMI,Wolfegg,2023-12-31,98,3868,39496011
08436085GEMI,Wolfegg,2024-12-31,98,3861,39495953
08436087GEMI,Wolpertswende,2022-12-31,155,4095,26352935
08436087GEMI,Wolpertswende,2023-12-31,153,4039,26352920
08436087GEMI,Wolpertswende,2024-12-31,155,4087,26352915
08436093GEMI,Ebersbach-Musbach,2022-12-31,64,1725,26844235
08436093GEMI,Ebersbach-Musbach,2023-12-31,64,1719,26843911
08436093GEMI,Ebersbach-Musbach,2024-12-31,63,1680,26843910
08436094GEMI,Argenbühl,2022-12-31,88,6760,76420308
08436094GEMI,Argenbühl,2023-12-31,87,6666,76420305
08436094GEMI,Argenbühl,2024-12-31,88,6726,76420293
08436095GEMI,Horgenzell,2022-12-31,94,5271,56166965
08436095GEMI,Horgenzell,2023-12-31,95,5331,56166959
08436095GEMI,Horgenzell,2024-12-31,97,5436,56166961
08436096GEMI,Fronreute,2022-12-31,107,4915,46091854
08436096GEMI,Fronreute,2023-12-31,107,4920,46091873
08436096GEMI,Fronreute,2024-12-31,108,4983,46091871
08437005GEMI,Beuron,2022-12-31,19,682,35102599
08437005GEMI,Beuron,2023-12-31,19,663,35102600
08437005GEMI,Beuron,2024-12-31,19,657,35102602
08437008GEMI,Bingen,2022-12-31,73,2710,37005364
08437008GEMI,Bingen,2023-12-31,74,2722,37005298
08437008GEMI,Bingen,2024-12-31,73,2699,37005301
08437031GEMI,"Gammertingen, Stadt",2022-12-31,118,6231,52974583
08437031GEMI,"Gammertingen, Stadt",2023-12-31,118,6233,52974548
08437031GEMI,"Gammertingen, Stadt",2024-12-31,116,6155,52974550
08437044GEMI,Herbertingen,2022-12-31,124,4784,38645015
08437044GEMI,Herbertingen,2023-12-31,123,4745,38645014
08437044GEMI,Herbertingen,2024-12-31,123,4738,38645035
08437047GEMI,"Hettingen, Stadt",2022-12-31,39,1793,46058063
08437047GEMI,"Hettingen, Stadt",2023-12-31,40,1849,46058063
08437047GEMI,"Hettingen, Stadt",2024-12-31,40,1861,46058062
08437053GEMI,Hohentengen,2022-12-31,116,4246,36614198
08437053GEMI,Hohentengen,2023-12-31,116,4256,36614197
08437053GEMI,Hohentengen,2024-12-31,113,4147,36614199
08437056GEMI,Illmensee,2022-12-31,81,2018,24920196
08437056GEMI,Illmensee,2023-12-31,82,2041,24920200
08437056GEMI,Illmensee,2024-12-31,81,2026,24920198
08437059GEMI,Inzigkofen,2022-12-31,103,2955,28732478
08437059GEMI,Inzigkofen,2023-12-31,104,2979,28732477
08437059GEMI,Inzigkofen,2024-12-31,103,2958,28732475
08437065GEMI,Krauchenwies,2022-12-31,111,4963,44648755
08437065GEMI,Krauchenwies,2023-12-31,112,5020,44648588
08437065GEMI,Krauchenwies,2024-12-31,113,5023,44648582
08437072GEMI,Leibertingen,2022-12-31,47,2209,47191145
08437072GEMI,Leibertingen,2023-12-31,46,2183,47191140
08437072GEMI,Leibertingen,2024-12-31,47,2233,47191139
08437076GEMI,"Mengen, Stadt",2022-12-31,202,10086,49816930
08437076GEMI,"Mengen, Stadt",2023-12-31,204,10159,49814655
08437076GEMI,"Mengen, Stadt",2024-12-31,204,10148,49814659
08437078GEMI,"Meßkirch, Stadt",2022-12-31,113,8636,76219671
08437078GEMI,"Meßkirch, Stadt",2023-12-31,113,8631,76219910
08437078GEMI,"Meßkirch, Stadt",2024-12-31,114,8676,76219909
08437082GEMI,Neufra,2022-12-31,65,1856,28398166
08437082GEMI,Neufra,2023-12-31,66,1885,28398197
08437082GEMI,Neufra,2024-12-31,67,1899,28398199
08437086GEMI,Ostrach,2022-12-31,64,6960,108886691
08437086GEMI,Ostrach,2023-12-31,65,7051,108886690
08437086GEMI,Ostrach,2024-12-31,65,7066,108886687
08437088GEMI,"Pfullendorf, Stadt",2022-12-31,147,13289,90504913
08437088GEMI,"Pfullendorf, Stadt",2023-12-31,147,13333,90504912
08437088GEMI,"Pfullendorf, Stadt",2024-12-31,149,13442,90504918
08437100GEMI,"Bad Saulgau, Stadt",2022-12-31,185,17962,97336395
08437100GEMI,"Bad Saulgau, Stadt",2023-12-31,185,17997,97341127
08437100GEMI,"Bad Saulgau, Stadt",2024-12-31,184,17889,97341126
08437101GEMI,"Scheer, Stadt",2022-12-31,134,2515,18724231
08437101GEMI,"Scheer, Stadt",2023-12-31,134,2505,18726506
08437101GEMI,"Scheer, Stadt",2024-12-31,134,2510,18726505
08437102GEMI,Schwenningen,2022-12-31,86,1661,19340735
08437102GEMI,Schwenningen,2023-12-31,86,1662,19340736
08437102GEMI,Schwenningen,2024-12-31,86,1667,19340736
08437104GEMI,"Sigmaringen, Stadt",2022-12-31,190,17663,92837650
08437104GEMI,"Sigmaringen, Stadt",2023-12-31,187,17402,92837713
08437104GEMI,"Sigmaringen, Stadt",2024-12-31,182,16884,92837710
08437105GEMI,Sigmaringendorf,2022-12-31,301,3754,12469896
08437105GEMI,Sigmaringendorf,2023-12-31,302,3767,12469895
08437105GEMI,Sigmaringendorf,2024-12-31,300,3735,12469894
08437107GEMI,Stetten am kalten Markt,2022-12-31,84,4767,56474221
08437107GEMI,Stetten am kalten Markt,2023-12-31,86,4833,56474220
08437107GEMI,Stetten am kalten Markt,2024-12-31,86,4859,56474220
08437114GEMI,"Veringenstadt, Stadt",2022-12-31,69,2156,31246401
08437114GEMI,"Veringenstadt, Stadt",2023-12-31,69,2144,31246400
08437114GEMI,"Veringenstadt, Stadt",2024-12-31,69,2149,31246404
08437118GEMI,Wald,2022-12-31,61,2674,43848798
08437118GEMI,Wald,2023-12-31,63,2742,43848968
08437118GEMI,Wald,2024-12-31,63,2754,43848965
08437123GEMI,Sauldorf,2022-12-31,52,2571,49720191
08437123GEMI,Sauldorf,2023-12-31,52,2582,49720073
08437123GEMI,Sauldorf,2024-12-31,52,2607,49720075
08437124GEMI,Herdwangen-Schönach,2022-12-31,92,3366,36512889
08437124GEMI,Herdwangen-Schönach,2023-12-31,92,3374,36512886
08437124GEMI,Herdwangen-Schönach,2024-12-31,93,3385,36512890
